season,stat_category,stat_id,Rank,Player,Name,Surname,Team,Matches_Played,stat_total,game_avg,source_url
2025,All Kicks,33,1,NathanClearyPanthers,Nathan,Cleary,Panthers,22,415,18.86363636,https://www.nrl.com/stats/players/?competition=111&season=2025&stat=33
2025,All Kicks,33,2,JamalFogartyRaiders,Jamal,Fogarty,Raiders,24,383,15.95833333,https://www.nrl.com/stats/players/?competition=111&season=2025&stat=33
2025,All Kicks,33,3,IsaiyaKatoaDolphins,Isaiya,Katoa,Dolphins,24,328,13.66666667,https://www.nrl.com/stats/players/?competition=111&season=2025&stat=33
2025,All Kicks,33,4,BraydonTrindallSharks,Braydon,Trindall,Sharks,26,324,12.46153846,https://www.nrl.com/stats/players/?competition=111&season=2025&stat=33
2025,All Kicks,33,5,DalyCherry-EvansSea Eagles,Daly,Evans,Sea Eagles,23,321,13.95652174,https://www.nrl.com/stats/players/?competition=111&season=2025&stat=33
2025,All Kicks,33,6,AdamReynoldsBroncos,Adam,Reynolds,Broncos,22,271,12.31818182,https://www.nrl.com/stats/players/?competition=111&season=2025&stat=33
2025,All Kicks,33,7,JaydenCampbellTitans,Jayden,Campbell,Titans,20,256,12.8,https://www.nrl.com/stats/players/?competition=111&season=2025&stat=33
2025,All Kicks,33,8,JahromeHughesStorm,Jahrome,Hughes,Storm,20,243,12.15,https://www.nrl.com/stats/players/?competition=111&season=2025&stat=33
2025,All Kicks,33,9,MitchellMosesEels,Mitchell,Moses,Eels,13,209,16.07692308,https://www.nrl.com/stats/players/?competition=111&season=2025&stat=33
2025,All Kicks,33,10,MattBurtonBulldogs,Matt,Burton,Bulldogs,21,206,9.80952381,https://www.nrl.com/stats/players/?competition=111&season=2025&stat=33
2025,All Kicks,33,11,HugoSavalaRoosters,Hugo,Savala,Roosters,21,205,9.761904762,https://www.nrl.com/stats/players/?competition=111&season=2025&stat=33
2025,All Kicks,33,12,KyleFlanaganDragons,Kyle,Flanagan,Dragons,24,204,8.5,https://www.nrl.com/stats/players/?competition=111&season=2025&stat=33
2025,All Kicks,33,13,JaromeLuaiWests Tigers,Jarome,Wests,Tigers,21,204,9.714285714,https://www.nrl.com/stats/players/?competition=111&season=2025&stat=33
2025,All Kicks,33,14,JackCoggerKnights,Jack,Cogger,Knights,21,188,8.952380952,https://www.nrl.com/stats/players/?competition=111&season=2025&stat=33
2025,All Kicks,33,15,NicholasHynesSharks,Nicholas,Hynes,Sharks,27,183,6.777777778,https://www.nrl.com/stats/players/?competition=111&season=2025&stat=33
2025,All Kicks,33,16,ChanelHarris-TavitaWarriors,Chanel,Tavita,Warriors,24,182,7.583333333,https://www.nrl.com/stats/players/?competition=111&season=2025&stat=33
2025,All Kicks,33,17,JamieHumphreysRabbitohs,Jamie,Humphreys,Rabbitohs,18,181,10.05555556,https://www.nrl.com/stats/players/?competition=111&season=2025&stat=33
2025,All Kicks,33,18,LukeMetcalfWarriors,Luke,Metcalf,Warriors,15,177,11.8,https://www.nrl.com/stats/players/?competition=111&season=2025&stat=33
2025,All Kicks,33,19,TobySextonBulldogs,Toby,Sexton,Bulldogs,18,167,9.277777778,https://www.nrl.com/stats/players/?competition=111&season=2025&stat=33
2025,All Kicks,33,20,CameronMunsterStorm,Cameron,Munster,Storm,24,157,6.541666667,https://www.nrl.com/stats/players/?competition=111&season=2025&stat=33
2025,All Kicks,33,21,DeanHawkinsEels,Dean,Hawkins,Eels,12,145,12.08333333,https://www.nrl.com/stats/players/?competition=111&season=2025&stat=33
2025,All Kicks,33,22,LukeBrooksSea Eagles,Luke,Brooks,Sea Eagles,24,138,5.75,https://www.nrl.com/stats/players/?competition=111&season=2025&stat=33
2025,All Kicks,33,23,TomDeardenCowboys,Tom,Dearden,Cowboys,22,138,6.272727273,https://www.nrl.com/stats/players/?competition=111&season=2025&stat=33
2025,All Kicks,33,24,JakeCliffordCowboys,Jake,Clifford,Cowboys,14,125,8.928571429,https://www.nrl.com/stats/players/?competition=111&season=2025&stat=33
2025,All Kicks,33,25,LatrellMitchellRabbitohs,Latrell,Mitchell,Rabbitohs,11,124,11.27272727,https://www.nrl.com/stats/players/?competition=111&season=2025&stat=33
2025,All Kicks,33,26,ScottDrinkwaterCowboys,Scott,Drinkwater,Cowboys,24,123,5.125,https://www.nrl.com/stats/players/?competition=111&season=2025&stat=33
2025,All Kicks,33,27,BenHuntBroncos,Ben,Hunt,Broncos,21,122,5.80952381,https://www.nrl.com/stats/players/?competition=111&season=2025&stat=33
2025,All Kicks,33,28,TanahBoydWarriors,Tanah,Boyd,Warriors,9,119,13.22222222,https://www.nrl.com/stats/players/?competition=111&season=2025&stat=33
2025,All Kicks,33,29,LyhkanKing-TogiaDragons,Lyhkan,Togia,Dragons,17,98,5.764705882,https://www.nrl.com/stats/players/?competition=111&season=2025&stat=33
2025,All Kicks,33,30,ReeceWalshBroncos,Reece,Walsh,Broncos,21,97,4.619047619,https://www.nrl.com/stats/players/?competition=111&season=2025&stat=33
2025,All Kicks,33,31,LachlanIliasDragons,Lachlan,Ilias,Dragons,7,89,12.71428571,https://www.nrl.com/stats/players/?competition=111&season=2025&stat=33
2025,All Kicks,33,32,LachlanGalvinBulldogs,Lachlan,Galvin,Bulldogs,24,85,3.541666667,https://www.nrl.com/stats/players/?competition=111&season=2025&stat=33
2025,All Kicks,33,33,SamWalkerRoosters,Sam,Walker,Roosters,9,84,9.333333333,https://www.nrl.com/stats/players/?competition=111&season=2025&stat=33
2025,All Kicks,33,34,BradSchneiderPanthers,Brad,Schneider,Panthers,18,81,4.5,https://www.nrl.com/stats/players/?competition=111&season=2025&stat=33
2025,All Kicks,33,35,KieranForanTitans,Kieran,Foran,Titans,15,79,5.266666667,https://www.nrl.com/stats/players/?competition=111&season=2025&stat=33
2025,All Kicks,33,36,SandonSmithRoosters,Sandon,Smith,Roosters,17,76,4.470588235,https://www.nrl.com/stats/players/?competition=111&season=2025&stat=33
2025,All Kicks,33,37,LachlanGalvinWests Tigers,Lachlan,Wests,Tigers,24,75,3.125,https://www.nrl.com/stats/players/?competition=111&season=2025&stat=33
2025,All Kicks,33,38,AdamDoueihiWests Tigers,Adam,Wests,Tigers,21,74,3.523809524,https://www.nrl.com/stats/players/?competition=111&season=2025&stat=33
2025,All Kicks,33,39,KodiNikorimaDolphins,Kodi,Nikorima,Dolphins,20,69,3.45,https://www.nrl.com/stats/players/?competition=111&season=2025&stat=33
2025,All Kicks,33,40,ChadTownsendRoosters,Chad,Townsend,Roosters,6,66,11,https://www.nrl.com/stats/players/?competition=111&season=2025&stat=33
2025,All Kicks,33,41,AJBrimsonTitans,AJBrimson,AJBrimson,Titans,23,66,2.869565217,https://www.nrl.com/stats/players/?competition=111&season=2025&stat=33
2025,All Kicks,33,42,JonahPezetStorm,Jonah,Pezet,Storm,8,60,7.5,https://www.nrl.com/stats/players/?competition=111&season=2025&stat=33
2025,All Kicks,33,43,KalynPongaKnights,Kalyn,Ponga,Knights,13,59,4.538461538,https://www.nrl.com/stats/players/?competition=111&season=2025&stat=33
2025,All Kicks,33,44,TyranWishartStorm,Tyran,Wishart,Storm,27,56,2.074074074,https://www.nrl.com/stats/players/?competition=111&season=2025&stat=33
2025,All Kicks,33,45,TysonGambleKnights,Tyson,Gamble,Knights,6,54,9,https://www.nrl.com/stats/players/?competition=111&season=2025&stat=33
2025,All Kicks,33,46,TomWeaverTitans,Tom,Weaver,Titans,5,54,10.8,https://www.nrl.com/stats/players/?competition=111&season=2025&stat=33
2025,All Kicks,33,47,BlaizeTalagiPanthers,Blaize,Talagi,Panthers,22,52,2.363636364,https://www.nrl.com/stats/players/?competition=111&season=2025&stat=33
2025,All Kicks,33,48,LatuFainuWests Tigers,Latu,Wests,Tigers,14,48,3.428571429,https://www.nrl.com/stats/players/?competition=111&season=2025&stat=33
2025,All Kicks,33,49,JacksonHastingsKnights,Jackson,Hastings,Knights,5,47,9.4,https://www.nrl.com/stats/players/?competition=111&season=2025&stat=33
2025,All Kicks,33,50,DylanBrownEels,Dylan,Brown,Eels,19,46,2.421052632,https://www.nrl.com/stats/players/?competition=111&season=2025&stat=1000038
2025,All Runs,1000038,1,JamesTedescoRoosters,James,Tedesco,Roosters,25,521,20.84,https://www.nrl.com/stats/players/?competition=111&season=2025&stat=1000038
2025,All Runs,1000038,2,ConnorTraceyBulldogs,Connor,Tracey,Bulldogs,24,512,21.33333333,https://www.nrl.com/stats/players/?competition=111&season=2025&stat=1000038
2025,All Runs,1000038,3,DylanEdwardsPanthers,Dylan,Edwards,Panthers,20,487,24.35,https://www.nrl.com/stats/players/?competition=111&season=2025&stat=1000038
2025,All Runs,1000038,4,TerrellMayWests Tigers,Terrell,Wests,Tigers,24,468,19.5,https://www.nrl.com/stats/players/?competition=111&season=2025&stat=1000038
2025,All Runs,1000038,5,RonaldoMulitaloSharks,Ronaldo,Mulitalo,Sharks,26,447,17.19230769,https://www.nrl.com/stats/players/?competition=111&season=2025&stat=1000038
2025,All Runs,1000038,6,PatrickCarriganBroncos,Patrick,Carrigan,Broncos,25,445,17.8,https://www.nrl.com/stats/players/?competition=111&season=2025&stat=1000038
2025,All Runs,1000038,7,WilliamKennedySharks,William,Kennedy,Sharks,27,440,16.2962963,https://www.nrl.com/stats/players/?competition=111&season=2025&stat=1000038
2025,All Runs,1000038,8,CharnzeNicoll-KlokstadWarriors,Charnze,Klokstad,Warriors,22,439,19.95454545,https://www.nrl.com/stats/players/?competition=111&season=2025&stat=1000038
2025,All Runs,1000038,9,ZacLomaxEels,Zac,Lomax,Eels,19,430,22.63157895,https://www.nrl.com/stats/players/?competition=111&season=2025&stat=1000038
2025,All Runs,1000038,10,IsaiahIongiEels,Isaiah,Iongi,Eels,21,425,20.23809524,https://www.nrl.com/stats/players/?competition=111&season=2025&stat=1000038
2025,All Runs,1000038,11,AddinFonua-BlakeSharks,Addin,Blake,Sharks,27,422,15.62962963,https://www.nrl.com/stats/players/?competition=111&season=2025&stat=1000038
2025,All Runs,1000038,12,ClintonGuthersonDragons,Clinton,Gutherson,Dragons,24,416,17.33333333,https://www.nrl.com/stats/players/?competition=111&season=2025&stat=1000038
2025,All Runs,1000038,13,PayneHaasBroncos,Payne,Haas,Broncos,24,414,17.25,https://www.nrl.com/stats/players/?competition=111&season=2025&stat=1000038
2025,All Runs,1000038,14,DanielTupouRoosters,Daniel,Tupou,Roosters,24,411,17.125,https://www.nrl.com/stats/players/?competition=111&season=2025&stat=1000038
2025,All Runs,1000038,15,LehiHopoateSea Eagles,Lehi,Hopoate,Sea Eagles,22,410,18.63636364,https://www.nrl.com/stats/players/?competition=111&season=2025&stat=1000038
2025,All Runs,1000038,16,GehamatShibasakiBroncos,Gehamat,Shibasaki,Broncos,25,409,16.36,https://www.nrl.com/stats/players/?competition=111&season=2025&stat=1000038
2025,All Runs,1000038,17,ScottDrinkwaterCowboys,Scott,Drinkwater,Cowboys,24,408,17,https://www.nrl.com/stats/players/?competition=111&season=2025&stat=1000038
2025,All Runs,1000038,18,DaneGagaiKnights,Dane,Gagai,Knights,24,405,16.875,https://www.nrl.com/stats/players/?competition=111&season=2025&stat=1000038
2025,All Runs,1000038,19,RogerTuivasa-SheckWarriors,Roger,Sheck,Warriors,19,399,21,https://www.nrl.com/stats/players/?competition=111&season=2025&stat=1000038
2025,All Runs,1000038,20,ErinClarkWarriors,Erin,Clark,Warriors,25,399,15.96,https://www.nrl.com/stats/players/?competition=111&season=2025&stat=1000038
2025,All Runs,1000038,21,PhillipSamiTitans,Phillip,Sami,Titans,21,390,18.57142857,https://www.nrl.com/stats/players/?competition=111&season=2025&stat=1000038
2025,All Runs,1000038,22,SuniaTuruvaWests Tigers,Sunia,Wests,Tigers,24,387,16.125,https://www.nrl.com/stats/players/?competition=111&season=2025&stat=1000038
2025,All Runs,1000038,23,HudsonYoungRaiders,Hudson,Young,Raiders,22,387,17.59090909,https://www.nrl.com/stats/players/?competition=111&season=2025&stat=1000038
2025,All Runs,1000038,24,IsaiyaKatoaDolphins,Isaiya,Katoa,Dolphins,24,386,16.08333333,https://www.nrl.com/stats/players/?competition=111&season=2025&stat=1000038
2025,All Runs,1000038,25,RyanPapenhuyzenStorm,Ryan,Papenhuyzen,Storm,21,386,18.38095238,https://www.nrl.com/stats/players/?competition=111&season=2025&stat=1000038
2025,All Runs,1000038,26,EliesaKatoaStorm,Eliesa,Katoa,Storm,26,381,14.65384615,https://www.nrl.com/stats/players/?competition=111&season=2025&stat=1000038
2025,All Runs,1000038,27,JyeGrayRabbitohs,Jye,Gray,Rabbitohs,19,379,19.94736842,https://www.nrl.com/stats/players/?competition=111&season=2025&stat=1000038
2025,All Runs,1000038,28,MatthewTimokoRaiders,Matthew,Timoko,Raiders,25,379,15.16,https://www.nrl.com/stats/players/?competition=111&season=2025&stat=1000038
2025,All Runs,1000038,29,CoreyHorsburghRaiders,Corey,Horsburgh,Raiders,25,379,15.16,https://www.nrl.com/stats/players/?competition=111&season=2025&stat=1000038
2025,All Runs,1000038,30,JacobKirazBulldogs,Jacob,Kiraz,Bulldogs,19,374,19.68421053,https://www.nrl.com/stats/players/?competition=111&season=2025&stat=1000038
2025,All Runs,1000038,31,LindsaySmithPanthers,Lindsay,Smith,Panthers,26,372,14.30769231,https://www.nrl.com/stats/players/?competition=111&season=2025&stat=1000038
2025,All Runs,1000038,32,JesseRamienSharks,Jesse,Ramien,Sharks,24,365,15.20833333,https://www.nrl.com/stats/players/?competition=111&season=2025&stat=1000038
2025,All Runs,1000038,33,BronsonXerriBulldogs,Bronson,Xerri,Bulldogs,24,361,15.04166667,https://www.nrl.com/stats/players/?competition=111&season=2025&stat=1000038
2025,All Runs,1000038,34,JamayneIsaakoDolphins,Jamayne,Isaako,Dolphins,24,359,14.95833333,https://www.nrl.com/stats/players/?competition=111&season=2025&stat=1000038
2025,All Runs,1000038,35,MarkNawaqanitawaseRoosters,Mark,Nawaqanitawase,Roosters,23,359,15.60869565,https://www.nrl.com/stats/players/?competition=111&season=2025&stat=1000038
2025,All Runs,1000038,36,KaeoWeekesRaiders,Kaeo,Weekes,Raiders,25,356,14.24,https://www.nrl.com/stats/players/?competition=111&season=2025&stat=1000038
2025,All Runs,1000038,37,GrantAndersonStorm,Grant,Anderson,Storm,24,356,14.83333333,https://www.nrl.com/stats/players/?competition=111&season=2025&stat=1000038
2025,All Runs,1000038,38,KeaonKoloamatangiRabbitohs,Keaon,Koloamatangi,Rabbitohs,20,348,17.4,https://www.nrl.com/stats/players/?competition=111&season=2025&stat=1000038
2025,All Runs,1000038,39,JakeAverilloDolphins,Jake,Averillo,Dolphins,24,345,14.375,https://www.nrl.com/stats/players/?competition=111&season=2025&stat=1000038
2025,All Runs,1000038,40,NicholasHynesSharks,Nicholas,Hynes,Sharks,27,345,12.77777778,https://www.nrl.com/stats/players/?competition=111&season=2025&stat=1000038
2025,All Runs,1000038,41,IzackTagoPanthers,Izack,Tago,Panthers,25,342,13.68,https://www.nrl.com/stats/players/?competition=111&season=2025&stat=1000038
2025,All Runs,1000038,42,JosephTapineRaiders,Joseph,Tapine,Raiders,23,341,14.82608696,https://www.nrl.com/stats/players/?competition=111&season=2025&stat=1000038
2025,All Runs,1000038,43,BeauFermorTitans,Beau,Fermor,Titans,24,339,14.125,https://www.nrl.com/stats/players/?competition=111&season=2025&stat=1000038
2025,All Runs,1000038,44,ReeceWalshBroncos,Reece,Walsh,Broncos,21,337,16.04761905,https://www.nrl.com/stats/players/?competition=111&season=2025&stat=1000038
2025,All Runs,1000038,45,NaufahuWhyteRoosters,Naufahu,Whyte,Roosters,23,336,14.60869565,https://www.nrl.com/stats/players/?competition=111&season=2025&stat=1000038
2025,All Runs,1000038,46,MaxKingBulldogs,Max,King,Bulldogs,23,335,14.56521739,https://www.nrl.com/stats/players/?competition=111&season=2025&stat=1000038
2025,All Runs,1000038,47,TomTrbojevicSea Eagles,Tom,Trbojevic,Sea Eagles,18,334,18.55555556,https://www.nrl.com/stats/players/?competition=111&season=2025&stat=1000038
2025,All Runs,1000038,48,HamisoTabuai-FidowDolphins,Hamiso,Fidow,Dolphins,21,334,15.9047619,https://www.nrl.com/stats/players/?competition=111&season=2025&stat=1000038
2025,All Runs,1000038,49,XavierCoatesStorm,Xavier,Coates,Storm,22,333,15.13636364,https://www.nrl.com/stats/players/?competition=111&season=2025&stat=1000038
2025,All Runs,1000038,50,CameronMunsterStorm,Cameron,Munster,Storm,24,333,13.875,https://www.nrl.com/stats/players/?competition=111&season=2025&stat=37
2025,Errors,37,1,ZacLomaxEels,Zac,Lomax,Eels,19,49,2.578947368,https://www.nrl.com/stats/players/?competition=111&season=2025&stat=37
2025,Errors,37,2,RonaldoMulitaloSharks,Ronaldo,Mulitalo,Sharks,26,47,1.807692308,https://www.nrl.com/stats/players/?competition=111&season=2025&stat=37
2025,Errors,37,3,MarkNawaqanitawaseRoosters,Mark,Nawaqanitawase,Roosters,23,45,1.956521739,https://www.nrl.com/stats/players/?competition=111&season=2025&stat=37
2025,Errors,37,4,ReeceWalshBroncos,Reece,Walsh,Broncos,21,41,1.952380952,https://www.nrl.com/stats/players/?competition=111&season=2025&stat=37
2025,Errors,37,5,RyanPapenhuyzenStorm,Ryan,Papenhuyzen,Storm,21,37,1.761904762,https://www.nrl.com/stats/players/?competition=111&season=2025&stat=37
2025,Errors,37,6,JacobKirazBulldogs,Jacob,Kiraz,Bulldogs,19,36,1.894736842,https://www.nrl.com/stats/players/?competition=111&season=2025&stat=37
2025,Errors,37,7,XavierSavageRaiders,Xavier,Savage,Raiders,21,36,1.714285714,https://www.nrl.com/stats/players/?competition=111&season=2025&stat=37
2025,Errors,37,8,ScottDrinkwaterCowboys,Scott,Drinkwater,Cowboys,24,36,1.5,https://www.nrl.com/stats/players/?competition=111&season=2025&stat=37
2025,Errors,37,9,RobertDerbyCowboys,Robert,Derby,Cowboys,17,35,2.058823529,https://www.nrl.com/stats/players/?competition=111&season=2025&stat=37
2025,Errors,37,10,JasonSaabSea Eagles,Jason,Saab,Sea Eagles,20,35,1.75,https://www.nrl.com/stats/players/?competition=111&season=2025&stat=37
2025,Errors,37,11,DaneGagaiKnights,Dane,Gagai,Knights,24,35,1.458333333,https://www.nrl.com/stats/players/?competition=111&season=2025&stat=37
2025,Errors,37,12,GrantAndersonStorm,Grant,Anderson,Storm,24,33,1.375,https://www.nrl.com/stats/players/?competition=111&season=2025&stat=37
2025,Errors,37,13,JeremiahNanaiCowboys,Jeremiah,Nanai,Cowboys,21,32,1.523809524,https://www.nrl.com/stats/players/?competition=111&season=2025&stat=37
2025,Errors,37,14,WilliamKennedySharks,William,Kennedy,Sharks,27,32,1.185185185,https://www.nrl.com/stats/players/?competition=111&season=2025&stat=37
2025,Errors,37,15,EliesaKatoaStorm,Eliesa,Katoa,Storm,26,32,1.230769231,https://www.nrl.com/stats/players/?competition=111&season=2025&stat=37
2025,Errors,37,16,ClintonGuthersonDragons,Clinton,Gutherson,Dragons,24,32,1.333333333,https://www.nrl.com/stats/players/?competition=111&season=2025&stat=37
2025,Errors,37,17,TyrellSloanDragons,Tyrell,Sloan,Dragons,20,32,1.6,https://www.nrl.com/stats/players/?competition=111&season=2025&stat=37
2025,Errors,37,18,GregMarzhewKnights,Greg,Marzhew,Knights,18,31,1.722222222,https://www.nrl.com/stats/players/?competition=111&season=2025&stat=37
2025,Errors,37,19,DeineMarinerBroncos,Deine,Mariner,Broncos,19,31,1.631578947,https://www.nrl.com/stats/players/?competition=111&season=2025&stat=37
2025,Errors,37,20,CaseyMcLeanPanthers,Casey,Lean,Panthers,23,30,1.304347826,https://www.nrl.com/stats/players/?competition=111&season=2025&stat=37
2025,Errors,37,21,JamesTedescoRoosters,James,Tedesco,Roosters,25,30,1.2,https://www.nrl.com/stats/players/?competition=111&season=2025&stat=37
2025,Errors,37,22,JamayneIsaakoDolphins,Jamayne,Isaako,Dolphins,24,30,1.25,https://www.nrl.com/stats/players/?competition=111&season=2025&stat=37
2025,Errors,37,23,JaxonPurdueCowboys,Jaxon,Purdue,Cowboys,24,29,1.208333333,https://www.nrl.com/stats/players/?competition=111&season=2025&stat=37
2025,Errors,37,24,JahreamBulaWests Tigers,Jahream,Wests,Tigers,18,29,1.611111111,https://www.nrl.com/stats/players/?competition=111&season=2025&stat=37
2025,Errors,37,25,TomTrbojevicSea Eagles,Tom,Trbojevic,Sea Eagles,18,28,1.555555556,https://www.nrl.com/stats/players/?competition=111&season=2025&stat=37
2025,Errors,37,26,KotoniStaggsBroncos,Kotoni,Staggs,Broncos,24,28,1.166666667,https://www.nrl.com/stats/players/?competition=111&season=2025&stat=37
2025,Errors,37,27,MurrayTaulagiCowboys,Murray,Taulagi,Cowboys,15,27,1.8,https://www.nrl.com/stats/players/?competition=111&season=2025&stat=37
2025,Errors,37,28,BlaizeTalagiPanthers,Blaize,Talagi,Panthers,22,27,1.227272727,https://www.nrl.com/stats/players/?competition=111&season=2025&stat=37
2025,Errors,37,29,XavierCoatesStorm,Xavier,Coates,Storm,22,27,1.227272727,https://www.nrl.com/stats/players/?competition=111&season=2025&stat=37
2025,Errors,37,30,LiamMartinPanthers,Liam,Martin,Panthers,21,27,1.285714286,https://www.nrl.com/stats/players/?competition=111&season=2025&stat=37
2025,Errors,37,31,RobertToiaRoosters,Robert,Toia,Roosters,22,26,1.181818182,https://www.nrl.com/stats/players/?competition=111&season=2025&stat=37
2025,Errors,37,32,JamesSchillerKnights,James,Schiller,Knights,17,26,1.529411765,https://www.nrl.com/stats/players/?competition=111&season=2025&stat=37
2025,Errors,37,33,FletcherHuntKnights,Fletcher,Hunt,Knights,12,26,2.166666667,https://www.nrl.com/stats/players/?competition=111&season=2025&stat=37
2025,Errors,37,34,IsaiahIongiEels,Isaiah,Iongi,Eels,21,26,1.238095238,https://www.nrl.com/stats/players/?competition=111&season=2025&stat=37
2025,Errors,37,35,GehamatShibasakiBroncos,Gehamat,Shibasaki,Broncos,25,26,1.04,https://www.nrl.com/stats/players/?competition=111&season=2025&stat=37
2025,Errors,37,36,DylanEdwardsPanthers,Dylan,Edwards,Panthers,20,26,1.3,https://www.nrl.com/stats/players/?competition=111&season=2025&stat=37
2025,Errors,37,37,WillPenisiniEels,Will,Penisini,Eels,20,25,1.25,https://www.nrl.com/stats/players/?competition=111&season=2025&stat=37
2025,Errors,37,38,JoshAddo-CarrEels,Josh,Carr,Eels,22,25,1.136363636,https://www.nrl.com/stats/players/?competition=111&season=2025&stat=37
2025,Errors,37,39,DanielTupouRoosters,Daniel,Tupou,Roosters,24,25,1.041666667,https://www.nrl.com/stats/players/?competition=111&season=2025&stat=37
2025,Errors,37,40,MattBurtonBulldogs,Matt,Burton,Bulldogs,21,25,1.19047619,https://www.nrl.com/stats/players/?competition=111&season=2025&stat=37
2025,Errors,37,41,TolutauKoulaSea Eagles,Tolutau,Koula,Sea Eagles,22,25,1.136363636,https://www.nrl.com/stats/players/?competition=111&season=2025&stat=37
2025,Errors,37,42,KalynPongaKnights,Kalyn,Ponga,Knights,13,24,1.846153846,https://www.nrl.com/stats/players/?competition=111&season=2025&stat=37
2025,Errors,37,43,NicholasHynesSharks,Nicholas,Hynes,Sharks,27,24,0.888888889,https://www.nrl.com/stats/players/?competition=111&season=2025&stat=37
2025,Errors,37,44,PaulAlamotiPanthers,Paul,Alamoti,Panthers,19,24,1.263157895,https://www.nrl.com/stats/players/?competition=111&season=2025&stat=37
2025,Errors,37,45,JaydenCampbellTitans,Jayden,Campbell,Titans,20,24,1.2,https://www.nrl.com/stats/players/?competition=111&season=2025&stat=37
2025,Errors,37,46,DallinWatene-ZelezniakWarriors,Dallin,Zelezniak,Warriors,16,24,1.5,https://www.nrl.com/stats/players/?competition=111&season=2025&stat=37
2025,Errors,37,47,IzackTagoPanthers,Izack,Tago,Panthers,25,24,0.96,https://www.nrl.com/stats/players/?competition=111&season=2025&stat=37
2025,Errors,37,48,BraydonTrindallSharks,Braydon,Trindall,Sharks,26,24,0.923076923,https://www.nrl.com/stats/players/?competition=111&season=2025&stat=37
2025,Errors,37,49,BeauFermorTitans,Beau,Fermor,Titans,24,23,0.958333333,https://www.nrl.com/stats/players/?competition=111&season=2025&stat=37
2025,Errors,37,50,SandonSmithRoosters,Sandon,Smith,Roosters,17,23,1.352941176,https://www.nrl.com/stats/players/?competition=111&season=2025&stat=1000034
2025,Goals,1000034,1,JamayneIsaakoDolphins,Jamayne,Isaako,Dolphins,24,117,4.875,https://www.nrl.com/stats/players/?competition=111&season=2025&stat=1000034
2025,Goals,1000034,2,NicholasHynesSharks,Nicholas,Hynes,Sharks,27,98,3.62962963,https://www.nrl.com/stats/players/?competition=111&season=2025&stat=1000034
2025,Goals,1000034,3,JamalFogartyRaiders,Jamal,Fogarty,Raiders,24,92,3.833333333,https://www.nrl.com/stats/players/?competition=111&season=2025&stat=1000034
2025,Goals,1000034,4,AdamReynoldsBroncos,Adam,Reynolds,Broncos,22,81,3.681818182,https://www.nrl.com/stats/players/?competition=111&season=2025&stat=1000034
2025,Goals,1000034,5,NathanClearyPanthers,Nathan,Cleary,Panthers,22,79,3.590909091,https://www.nrl.com/stats/players/?competition=111&season=2025&stat=1000034
2025,Goals,1000034,6,ScottDrinkwaterCowboys,Scott,Drinkwater,Cowboys,24,70,2.916666667,https://www.nrl.com/stats/players/?competition=111&season=2025&stat=1000034
2025,Goals,1000034,7,JaydenCampbellTitans,Jayden,Campbell,Titans,20,65,3.25,https://www.nrl.com/stats/players/?competition=111&season=2025&stat=1000034
2025,Goals,1000034,8,ReubenGarrickSea Eagles,Reuben,Garrick,Sea Eagles,21,64,3.047619048,https://www.nrl.com/stats/players/?competition=111&season=2025&stat=1000034
2025,Goals,1000034,9,RyanPapenhuyzenStorm,Ryan,Papenhuyzen,Storm,21,60,2.857142857,https://www.nrl.com/stats/players/?competition=111&season=2025&stat=1000034
2025,Goals,1000034,10,StephenCrichtonBulldogs,Stephen,Crichton,Bulldogs,21,57,2.714285714,https://www.nrl.com/stats/players/?competition=111&season=2025&stat=1000034
2025,Goals,1000034,11,SandonSmithRoosters,Sandon,Smith,Roosters,17,56,3.294117647,https://www.nrl.com/stats/players/?competition=111&season=2025&stat=1000034
2025,Goals,1000034,12,AdamDoueihiWests Tigers,Adam,Wests,Tigers,21,55,2.619047619,https://www.nrl.com/stats/players/?competition=111&season=2025&stat=1000034
2025,Goals,1000034,13,ZacLomaxEels,Zac,Lomax,Eels,19,53,2.789473684,https://www.nrl.com/stats/players/?competition=111&season=2025&stat=1000034
2025,Goals,1000034,14,NickMeaneyStorm,Nick,Meaney,Storm,22,46,2.090909091,https://www.nrl.com/stats/players/?competition=111&season=2025&stat=1000034
2025,Goals,1000034,15,ValentineHolmesDragons,Valentine,Holmes,Dragons,14,45,3.214285714,https://www.nrl.com/stats/players/?competition=111&season=2025&stat=1000034
2025,Goals,1000034,16,LukeMetcalfWarriors,Luke,Metcalf,Warriors,15,42,2.8,https://www.nrl.com/stats/players/?competition=111&season=2025&stat=1000034
2025,Goals,1000034,17,SamWalkerRoosters,Sam,Walker,Roosters,9,39,4.333333333,https://www.nrl.com/stats/players/?competition=111&season=2025&stat=1000034
2025,Goals,1000034,18,ReeceWalshBroncos,Reece,Walsh,Broncos,21,34,1.619047619,https://www.nrl.com/stats/players/?competition=111&season=2025&stat=1000034
2025,Goals,1000034,19,KyleFlanaganDragons,Kyle,Flanagan,Dragons,24,32,1.333333333,https://www.nrl.com/stats/players/?competition=111&season=2025&stat=1000034
2025,Goals,1000034,20,MattBurtonBulldogs,Matt,Burton,Bulldogs,21,30,1.428571429,https://www.nrl.com/stats/players/?competition=111&season=2025&stat=1000034
2025,Goals,1000034,21,TanahBoydWarriors,Tanah,Boyd,Warriors,9,29,3.222222222,https://www.nrl.com/stats/players/?competition=111&season=2025&stat=1000034
2025,Goals,1000034,22,LatrellMitchellRabbitohs,Latrell,Mitchell,Rabbitohs,11,28,2.545454545,https://www.nrl.com/stats/players/?competition=111&season=2025&stat=1000034
2025,Goals,1000034,23,DaneGagaiKnights,Dane,Gagai,Knights,24,20,0.833333333,https://www.nrl.com/stats/players/?competition=111&season=2025&stat=1000034
2025,Goals,1000034,24,KalynPongaKnights,Kalyn,Ponga,Knights,13,19,1.461538462,https://www.nrl.com/stats/players/?competition=111&season=2025&stat=1000034
2025,Goals,1000034,25,DalyCherry-EvansSea Eagles,Daly,Evans,Sea Eagles,23,19,0.826086957,https://www.nrl.com/stats/players/?competition=111&season=2025&stat=1000034
2025,Goals,1000034,26,ApisaiKoroisauWests Tigers,Apisai,Wests,Tigers,22,16,0.727272727,https://www.nrl.com/stats/players/?competition=111&season=2025&stat=1000034
2025,Goals,1000034,27,JamieHumphreysRabbitohs,Jamie,Humphreys,Rabbitohs,18,15,0.833333333,https://www.nrl.com/stats/players/?competition=111&season=2025&stat=1000034
2025,Goals,1000034,28,PaulAlamotiPanthers,Paul,Alamoti,Panthers,19,15,0.789473684,https://www.nrl.com/stats/players/?competition=111&season=2025&stat=1000034
2025,Goals,1000034,29,SeanRussellEels,Sean,Russell,Eels,20,15,0.75,https://www.nrl.com/stats/players/?competition=111&season=2025&stat=1000034
2025,Goals,1000034,30,TomWeaverTitans,Tom,Weaver,Titans,5,9,1.8,https://www.nrl.com/stats/players/?competition=111&season=2025&stat=1000034
2025,Goals,1000034,31,DylanEdwardsPanthers,Dylan,Edwards,Panthers,20,9,0.45,https://www.nrl.com/stats/players/?competition=111&season=2025&stat=1000034
2025,Goals,1000034,32,AshtonWardRabbitohs,Ashton,Ward,Rabbitohs,6,9,1.5,https://www.nrl.com/stats/players/?competition=111&season=2025&stat=1000034
2025,Goals,1000034,33,HugoSavalaRoosters,Hugo,Savala,Roosters,21,8,0.380952381,https://www.nrl.com/stats/players/?competition=111&season=2025&stat=1000034
2025,Goals,1000034,34,AdamPompeyWarriors,Adam,Pompey,Warriors,25,6,0.24,https://www.nrl.com/stats/players/?competition=111&season=2025&stat=1000034
2025,Goals,1000034,35,JackCoggerKnights,Jack,Cogger,Knights,21,6,0.285714286,https://www.nrl.com/stats/players/?competition=111&season=2025&stat=1000034
2025,Goals,1000034,36,ZacLaybuttCowboys,Zac,Laybutt,Cowboys,14,5,0.357142857,https://www.nrl.com/stats/players/?competition=111&season=2025&stat=1000034
2025,Goals,1000034,37,EthanStrangeRaiders,Ethan,Strange,Raiders,24,5,0.208333333,https://www.nrl.com/stats/players/?competition=111&season=2025&stat=1000034
2025,Goals,1000034,38,BayleighBentley-HapeRabbitohs,Bayleigh,Hape,Rabbitohs,9,4,0.444444444,https://www.nrl.com/stats/players/?competition=111&season=2025&stat=1000034
2025,Goals,1000034,39,JakeCliffordCowboys,Jake,Clifford,Cowboys,14,4,0.285714286,https://www.nrl.com/stats/players/?competition=111&season=2025&stat=1000034
2025,Goals,1000034,40,TobySextonBulldogs,Toby,Sexton,Bulldogs,18,4,0.222222222,https://www.nrl.com/stats/players/?competition=111&season=2025&stat=1000034
2025,Goals,1000034,41,AdamCookRaiders,Adam,Cook,Raiders,1,4,4,https://www.nrl.com/stats/players/?competition=111&season=2025&stat=1000034
2025,Goals,1000034,42,TyranWishartStorm,Tyran,Wishart,Storm,27,3,0.111111111,https://www.nrl.com/stats/players/?competition=111&season=2025&stat=1000034
2025,Goals,1000034,43,EthanSandersRaiders,Ethan,Sanders,Raiders,2,3,1.5,https://www.nrl.com/stats/players/?competition=111&season=2025&stat=1000034
2025,Goals,1000034,44,SelwynCobboBroncos,Selwyn,Cobbo,Broncos,15,3,0.2,https://www.nrl.com/stats/players/?competition=111&season=2025&stat=1000034
2025,Goals,1000034,45,JonahPezetStorm,Jonah,Pezet,Storm,8,3,0.375,https://www.nrl.com/stats/players/?competition=111&season=2025&stat=1000034
2025,Goals,1000034,46,BraydonTrindallSharks,Braydon,Trindall,Sharks,26,3,0.115384615,https://www.nrl.com/stats/players/?competition=111&season=2025&stat=1000034
2025,Goals,1000034,47,KaeoWeekesRaiders,Kaeo,Weekes,Raiders,25,2,0.08,https://www.nrl.com/stats/players/?competition=111&season=2025&stat=1000034
2025,Goals,1000034,48,IsaiahTassRabbitohs,Isaiah,Tass,Rabbitohs,23,2,0.086956522,https://www.nrl.com/stats/players/?competition=111&season=2025&stat=1000034
2025,Goals,1000034,49,MitchellMosesEels,Mitchell,Moses,Eels,13,2,0.153846154,https://www.nrl.com/stats/players/?competition=111&season=2025&stat=1000034
2025,Goals,1000034,50,JacksonHastingsKnights,Jackson,Hastings,Knights,5,1,0.2,https://www.nrl.com/stats/players/?competition=111&season=2025&stat=1000021
2025,Half Breaks,1000021,1,JamesTedescoRoosters,James,Tedesco,Roosters,25,9,0.36,https://www.nrl.com/stats/players/?competition=111&season=2025&stat=1000021
2025,Half Breaks,1000021,2,DeineMarinerBroncos,Deine,Mariner,Broncos,19,8,0.421052632,https://www.nrl.com/stats/players/?competition=111&season=2025&stat=1000021
2025,Half Breaks,1000021,3,KotoniStaggsBroncos,Kotoni,Staggs,Broncos,24,8,0.333333333,https://www.nrl.com/stats/players/?competition=111&season=2025&stat=1000021
2025,Half Breaks,1000021,4,RonaldoMulitaloSharks,Ronaldo,Mulitalo,Sharks,26,7,0.269230769,https://www.nrl.com/stats/players/?competition=111&season=2025&stat=1000021
2025,Half Breaks,1000021,5,GregMarzhewKnights,Greg,Marzhew,Knights,18,6,0.333333333,https://www.nrl.com/stats/players/?competition=111&season=2025&stat=1000021
2025,Half Breaks,1000021,6,JacobPrestonBulldogs,Jacob,Preston,Bulldogs,22,6,0.272727273,https://www.nrl.com/stats/players/?competition=111&season=2025&stat=1000021
2025,Half Breaks,1000021,7,MarceloMontoyaBulldogs,Marcelo,Montoya,Bulldogs,18,6,0.333333333,https://www.nrl.com/stats/players/?competition=111&season=2025&stat=1000021
2025,Half Breaks,1000021,8,EthanStrangeRaiders,Ethan,Strange,Raiders,24,6,0.25,https://www.nrl.com/stats/players/?competition=111&season=2025&stat=1000021
2025,Half Breaks,1000021,9,BlaizeTalagiPanthers,Blaize,Talagi,Panthers,22,6,0.272727273,https://www.nrl.com/stats/players/?competition=111&season=2025&stat=1000021
2025,Half Breaks,1000021,10,JoshAddo-CarrEels,Josh,Carr,Eels,22,6,0.272727273,https://www.nrl.com/stats/players/?competition=111&season=2025&stat=1000021
2025,Half Breaks,1000021,11,MattBurtonBulldogs,Matt,Burton,Bulldogs,21,6,0.285714286,https://www.nrl.com/stats/players/?competition=111&season=2025&stat=1000021
2025,Half Breaks,1000021,12,TolutauKoulaSea Eagles,Tolutau,Koula,Sea Eagles,22,5,0.227272727,https://www.nrl.com/stats/players/?competition=111&season=2025&stat=1000021
2025,Half Breaks,1000021,13,TyroneMunroRabbitohs,Tyrone,Munro,Rabbitohs,12,5,0.416666667,https://www.nrl.com/stats/players/?competition=111&season=2025&stat=1000021
2025,Half Breaks,1000021,14,AJBrimsonTitans,AJBrimson,AJBrimson,Titans,23,5,0.217391304,https://www.nrl.com/stats/players/?competition=111&season=2025&stat=1000021
2025,Half Breaks,1000021,15,BradmanBestKnights,Bradman,Best,Knights,18,5,0.277777778,https://www.nrl.com/stats/players/?competition=111&season=2025&stat=1000021
2025,Half Breaks,1000021,16,JahreamBulaWests Tigers,Jahream,Wests,Tigers,18,5,0.277777778,https://www.nrl.com/stats/players/?competition=111&season=2025&stat=1000021
2025,Half Breaks,1000021,17,JakeAverilloDolphins,Jake,Averillo,Dolphins,24,5,0.208333333,https://www.nrl.com/stats/players/?competition=111&season=2025&stat=1000021
2025,Half Breaks,1000021,18,KaeoWeekesRaiders,Kaeo,Weekes,Raiders,25,5,0.2,https://www.nrl.com/stats/players/?competition=111&season=2025&stat=1000021
2025,Half Breaks,1000021,19,TevitaNaufahuDolphins,Tevita,Naufahu,Dolphins,7,5,0.714285714,https://www.nrl.com/stats/players/?competition=111&season=2025&stat=1000021
2025,Half Breaks,1000021,20,RogerTuivasa-SheckWarriors,Roger,Sheck,Warriors,19,5,0.263157895,https://www.nrl.com/stats/players/?competition=111&season=2025&stat=1000021
2025,Half Breaks,1000021,21,NathanClearyPanthers,Nathan,Cleary,Panthers,22,5,0.227272727,https://www.nrl.com/stats/players/?competition=111&season=2025&stat=1000021
2025,Half Breaks,1000021,22,HamisoTabuai-FidowDolphins,Hamiso,Fidow,Dolphins,21,5,0.238095238,https://www.nrl.com/stats/players/?competition=111&season=2025&stat=1000021
2025,Half Breaks,1000021,23,MarkNawaqanitawaseRoosters,Mark,Nawaqanitawase,Roosters,23,4,0.173913043,https://www.nrl.com/stats/players/?competition=111&season=2025&stat=1000021
2025,Half Breaks,1000021,24,TomTrbojevicSea Eagles,Tom,Trbojevic,Sea Eagles,18,4,0.222222222,https://www.nrl.com/stats/players/?competition=111&season=2025&stat=1000021
2025,Half Breaks,1000021,25,PhillipSamiTitans,Phillip,Sami,Titans,21,4,0.19047619,https://www.nrl.com/stats/players/?competition=111&season=2025&stat=1000021
2025,Half Breaks,1000021,26,JordanRikiBroncos,Jordan,Riki,Broncos,24,4,0.166666667,https://www.nrl.com/stats/players/?competition=111&season=2025&stat=1000021
2025,Half Breaks,1000021,27,JamesSchillerKnights,James,Schiller,Knights,17,4,0.235294118,https://www.nrl.com/stats/players/?competition=111&season=2025&stat=1000021
2025,Half Breaks,1000021,28,JosiahKarapaniBroncos,Josiah,Karapani,Broncos,13,4,0.307692308,https://www.nrl.com/stats/players/?competition=111&season=2025&stat=1000021
2025,Half Breaks,1000021,29,BraydonTrindallSharks,Braydon,Trindall,Sharks,26,4,0.153846154,https://www.nrl.com/stats/players/?competition=111&season=2025&stat=1000021
2025,Half Breaks,1000021,30,JahromeHughesStorm,Jahrome,Hughes,Storm,20,4,0.2,https://www.nrl.com/stats/players/?competition=111&season=2025&stat=1000021
2025,Half Breaks,1000021,31,BrianKellyTitans,Brian,Kelly,Titans,21,4,0.19047619,https://www.nrl.com/stats/players/?competition=111&season=2025&stat=1000021
2025,Half Breaks,1000021,32,ClintonGuthersonDragons,Clinton,Gutherson,Dragons,24,4,0.166666667,https://www.nrl.com/stats/players/?competition=111&season=2025&stat=1000021
2025,Half Breaks,1000021,33,IsaiahIongiEels,Isaiah,Iongi,Eels,21,4,0.19047619,https://www.nrl.com/stats/players/?competition=111&season=2025&stat=1000021
2025,Half Breaks,1000021,34,JaromeLuaiWests Tigers,Jarome,Wests,Tigers,21,4,0.19047619,https://www.nrl.com/stats/players/?competition=111&season=2025&stat=1000021
2025,Half Breaks,1000021,35,JaylanDe GrootTitans,Jaylan,Groot,Titans,17,4,0.235294118,https://www.nrl.com/stats/players/?competition=111&season=2025&stat=1000021
2025,Half Breaks,1000021,36,ChristianTuipulotuDragons,Christian,Tuipulotu,Dragons,9,4,0.444444444,https://www.nrl.com/stats/players/?competition=111&season=2025&stat=1000021
2025,Half Breaks,1000021,37,ReeceRobsonCowboys,Reece,Robson,Cowboys,21,4,0.19047619,https://www.nrl.com/stats/players/?competition=111&season=2025&stat=1000021
2025,Half Breaks,1000021,38,SamuelaFainuWests Tigers,Samuela,Wests,Tigers,21,4,0.19047619,https://www.nrl.com/stats/players/?competition=111&season=2025&stat=1000021
2025,Half Breaks,1000021,39,BraidonBurnsCowboys,Braidon,Burns,Cowboys,13,4,0.307692308,https://www.nrl.com/stats/players/?competition=111&season=2025&stat=1000021
2025,Half Breaks,1000021,40,AdamPompeyWarriors,Adam,Pompey,Warriors,25,4,0.16,https://www.nrl.com/stats/players/?competition=111&season=2025&stat=1000021
2025,Half Breaks,1000021,41,HudsonYoungRaiders,Hudson,Young,Raiders,22,4,0.181818182,https://www.nrl.com/stats/players/?competition=111&season=2025&stat=1000021
2025,Half Breaks,1000021,42,LiamMartinPanthers,Liam,Martin,Panthers,21,4,0.19047619,https://www.nrl.com/stats/players/?competition=111&season=2025&stat=1000021
2025,Half Breaks,1000021,43,DaineLauriePanthers,Daine,Laurie,Panthers,9,4,0.444444444,https://www.nrl.com/stats/players/?competition=111&season=2025&stat=1000021
2025,Half Breaks,1000021,44,TyranWishartStorm,Tyran,Wishart,Storm,27,4,0.148148148,https://www.nrl.com/stats/players/?competition=111&season=2025&stat=1000021
2025,Half Breaks,1000021,45,KurtCapewellWarriors,Kurt,Capewell,Warriors,22,4,0.181818182,https://www.nrl.com/stats/players/?competition=111&season=2025&stat=1000021
2025,Half Breaks,1000021,46,JacobLabanWarriors,Jacob,Laban,Warriors,12,4,0.333333333,https://www.nrl.com/stats/players/?competition=111&season=2025&stat=1000021
2025,Half Breaks,1000021,47,JackCoggerKnights,Jack,Cogger,Knights,21,3,0.142857143,https://www.nrl.com/stats/players/?competition=111&season=2025&stat=1000021
2025,Half Breaks,1000021,48,DaneGagaiKnights,Dane,Gagai,Knights,24,3,0.125,https://www.nrl.com/stats/players/?competition=111&season=2025&stat=1000021
2025,Half Breaks,1000021,49,FletcherSharpeKnights,Fletcher,Sharpe,Knights,14,3,0.214285714,https://www.nrl.com/stats/players/?competition=111&season=2025&stat=1000021
2025,Half Breaks,1000021,50,ReubenGarrickSea Eagles,Reuben,Garrick,Sea Eagles,21,3,0.142857143,https://www.nrl.com/stats/players/?competition=111&season=2025&stat=1000079
2025,Handelling Errors,1000079,1,ZacLomaxEels,Zac,Lomax,Eels,19,40,2.105263158,https://www.nrl.com/stats/players/?competition=111&season=2025&stat=1000079
2025,Handelling Errors,1000079,2,ReeceWalshBroncos,Reece,Walsh,Broncos,21,39,1.857142857,https://www.nrl.com/stats/players/?competition=111&season=2025&stat=1000079
2025,Handelling Errors,1000079,3,MarkNawaqanitawaseRoosters,Mark,Nawaqanitawase,Roosters,23,38,1.652173913,https://www.nrl.com/stats/players/?competition=111&season=2025&stat=1000079
2025,Handelling Errors,1000079,4,RonaldoMulitaloSharks,Ronaldo,Mulitalo,Sharks,26,36,1.384615385,https://www.nrl.com/stats/players/?competition=111&season=2025&stat=1000079
2025,Handelling Errors,1000079,5,RobertDerbyCowboys,Robert,Derby,Cowboys,17,35,2.058823529,https://www.nrl.com/stats/players/?competition=111&season=2025&stat=1000079
2025,Handelling Errors,1000079,6,XavierSavageRaiders,Xavier,Savage,Raiders,21,35,1.666666667,https://www.nrl.com/stats/players/?competition=111&season=2025&stat=1000079
2025,Handelling Errors,1000079,7,JamesTedescoRoosters,James,Tedesco,Roosters,25,34,1.36,https://www.nrl.com/stats/players/?competition=111&season=2025&stat=1000079
2025,Handelling Errors,1000079,8,ScottDrinkwaterCowboys,Scott,Drinkwater,Cowboys,24,33,1.375,https://www.nrl.com/stats/players/?competition=111&season=2025&stat=1000079
2025,Handelling Errors,1000079,9,JahreamBulaWests Tigers,Jahream,Wests,Tigers,18,33,1.833333333,https://www.nrl.com/stats/players/?competition=111&season=2025&stat=1000079
2025,Handelling Errors,1000079,10,WilliamKennedySharks,William,Kennedy,Sharks,27,31,1.148148148,https://www.nrl.com/stats/players/?competition=111&season=2025&stat=1000079
2025,Handelling Errors,1000079,11,TomTrbojevicSea Eagles,Tom,Trbojevic,Sea Eagles,18,31,1.722222222,https://www.nrl.com/stats/players/?competition=111&season=2025&stat=1000079
2025,Handelling Errors,1000079,12,JacobKirazBulldogs,Jacob,Kiraz,Bulldogs,19,31,1.631578947,https://www.nrl.com/stats/players/?competition=111&season=2025&stat=1000079
2025,Handelling Errors,1000079,13,EliesaKatoaStorm,Eliesa,Katoa,Storm,26,30,1.153846154,https://www.nrl.com/stats/players/?competition=111&season=2025&stat=1000079
2025,Handelling Errors,1000079,14,DaneGagaiKnights,Dane,Gagai,Knights,24,29,1.208333333,https://www.nrl.com/stats/players/?competition=111&season=2025&stat=1000079
2025,Handelling Errors,1000079,15,JeremiahNanaiCowboys,Jeremiah,Nanai,Cowboys,21,28,1.333333333,https://www.nrl.com/stats/players/?competition=111&season=2025&stat=1000079
2025,Handelling Errors,1000079,16,RyanPapenhuyzenStorm,Ryan,Papenhuyzen,Storm,21,28,1.333333333,https://www.nrl.com/stats/players/?competition=111&season=2025&stat=1000079
2025,Handelling Errors,1000079,17,JasonSaabSea Eagles,Jason,Saab,Sea Eagles,20,28,1.4,https://www.nrl.com/stats/players/?competition=111&season=2025&stat=1000079
2025,Handelling Errors,1000079,18,FletcherHuntKnights,Fletcher,Hunt,Knights,12,27,2.25,https://www.nrl.com/stats/players/?competition=111&season=2025&stat=1000079
2025,Handelling Errors,1000079,19,DylanEdwardsPanthers,Dylan,Edwards,Panthers,20,27,1.35,https://www.nrl.com/stats/players/?competition=111&season=2025&stat=1000079
2025,Handelling Errors,1000079,20,ClintonGuthersonDragons,Clinton,Gutherson,Dragons,24,26,1.083333333,https://www.nrl.com/stats/players/?competition=111&season=2025&stat=1000079
2025,Handelling Errors,1000079,21,KotoniStaggsBroncos,Kotoni,Staggs,Broncos,24,26,1.083333333,https://www.nrl.com/stats/players/?competition=111&season=2025&stat=1000079
2025,Handelling Errors,1000079,22,KaeoWeekesRaiders,Kaeo,Weekes,Raiders,25,26,1.04,https://www.nrl.com/stats/players/?competition=111&season=2025&stat=1000079
2025,Handelling Errors,1000079,23,GregMarzhewKnights,Greg,Marzhew,Knights,18,25,1.388888889,https://www.nrl.com/stats/players/?competition=111&season=2025&stat=1000079
2025,Handelling Errors,1000079,24,TyrellSloanDragons,Tyrell,Sloan,Dragons,20,25,1.25,https://www.nrl.com/stats/players/?competition=111&season=2025&stat=1000079
2025,Handelling Errors,1000079,25,WillPenisiniEels,Will,Penisini,Eels,20,24,1.2,https://www.nrl.com/stats/players/?competition=111&season=2025&stat=1000079
2025,Handelling Errors,1000079,26,GrantAndersonStorm,Grant,Anderson,Storm,24,24,1,https://www.nrl.com/stats/players/?competition=111&season=2025&stat=1000079
2025,Handelling Errors,1000079,27,DanielTupouRoosters,Daniel,Tupou,Roosters,24,24,1,https://www.nrl.com/stats/players/?competition=111&season=2025&stat=1000079
2025,Handelling Errors,1000079,28,KalynPongaKnights,Kalyn,Ponga,Knights,13,24,1.846153846,https://www.nrl.com/stats/players/?competition=111&season=2025&stat=1000079
2025,Handelling Errors,1000079,29,AJBrimsonTitans,AJBrimson,AJBrimson,Titans,23,23,1,https://www.nrl.com/stats/players/?competition=111&season=2025&stat=1000079
2025,Handelling Errors,1000079,30,BrianKellyTitans,Brian,Kelly,Titans,21,23,1.095238095,https://www.nrl.com/stats/players/?competition=111&season=2025&stat=1000079
2025,Handelling Errors,1000079,31,SavelioTamaleRaiders,Savelio,Tamale,Raiders,18,23,1.277777778,https://www.nrl.com/stats/players/?competition=111&season=2025&stat=1000079
2025,Handelling Errors,1000079,32,LiamMartinPanthers,Liam,Martin,Panthers,21,23,1.095238095,https://www.nrl.com/stats/players/?competition=111&season=2025&stat=1000079
2025,Handelling Errors,1000079,33,RobertToiaRoosters,Robert,Toia,Roosters,22,22,1,https://www.nrl.com/stats/players/?competition=111&season=2025&stat=1000079
2025,Handelling Errors,1000079,34,LekaHalasimaWarriors,Leka,Halasima,Warriors,25,22,0.88,https://www.nrl.com/stats/players/?competition=111&season=2025&stat=1000079
2025,Handelling Errors,1000079,35,JamesSchillerKnights,James,Schiller,Knights,17,22,1.294117647,https://www.nrl.com/stats/players/?competition=111&season=2025&stat=1000079
2025,Handelling Errors,1000079,36,BeauFermorTitans,Beau,Fermor,Titans,24,22,0.916666667,https://www.nrl.com/stats/players/?competition=111&season=2025&stat=1000079
2025,Handelling Errors,1000079,37,GehamatShibasakiBroncos,Gehamat,Shibasaki,Broncos,25,22,0.88,https://www.nrl.com/stats/players/?competition=111&season=2025&stat=1000079
2025,Handelling Errors,1000079,38,JaxonPurdueCowboys,Jaxon,Purdue,Cowboys,24,22,0.916666667,https://www.nrl.com/stats/players/?competition=111&season=2025&stat=1000079
2025,Handelling Errors,1000079,39,TolutauKoulaSea Eagles,Tolutau,Koula,Sea Eagles,22,21,0.954545455,https://www.nrl.com/stats/players/?competition=111&season=2025&stat=1000079
2025,Handelling Errors,1000079,40,BlaizeTalagiPanthers,Blaize,Talagi,Panthers,22,21,0.954545455,https://www.nrl.com/stats/players/?competition=111&season=2025&stat=1000079
2025,Handelling Errors,1000079,41,PaulAlamotiPanthers,Paul,Alamoti,Panthers,19,21,1.105263158,https://www.nrl.com/stats/players/?competition=111&season=2025&stat=1000079
2025,Handelling Errors,1000079,42,SandonSmithRoosters,Sandon,Smith,Roosters,17,21,1.235294118,https://www.nrl.com/stats/players/?competition=111&season=2025&stat=1000079
2025,Handelling Errors,1000079,43,MattBurtonBulldogs,Matt,Burton,Bulldogs,21,21,1,https://www.nrl.com/stats/players/?competition=111&season=2025&stat=1000079
2025,Handelling Errors,1000079,44,NicholasHynesSharks,Nicholas,Hynes,Sharks,27,21,0.777777778,https://www.nrl.com/stats/players/?competition=111&season=2025&stat=1000079
2025,Handelling Errors,1000079,45,IsaiahIongiEels,Isaiah,Iongi,Eels,21,21,1,https://www.nrl.com/stats/players/?competition=111&season=2025&stat=1000079
2025,Handelling Errors,1000079,46,LehiHopoateSea Eagles,Lehi,Hopoate,Sea Eagles,22,20,0.909090909,https://www.nrl.com/stats/players/?competition=111&season=2025&stat=1000079
2025,Handelling Errors,1000079,47,ReubenGarrickSea Eagles,Reuben,Garrick,Sea Eagles,21,20,0.952380952,https://www.nrl.com/stats/players/?competition=111&season=2025&stat=1000079
2025,Handelling Errors,1000079,48,CaseyMcLeanPanthers,Casey,Lean,Panthers,23,20,0.869565217,https://www.nrl.com/stats/players/?competition=111&season=2025&stat=1000079
2025,Handelling Errors,1000079,49,JaydenCampbellTitans,Jayden,Campbell,Titans,20,20,1,https://www.nrl.com/stats/players/?competition=111&season=2025&stat=1000079
2025,Handelling Errors,1000079,50,JamayneIsaakoDolphins,Jamayne,Isaako,Dolphins,24,20,0.833333333,https://www.nrl.com/stats/players/?competition=111&season=2025&stat=1000003
2025,Ineffective Tackles,1000003,1,BlaykeBraileySharks,Blayke,Brailey,Sharks,27,54,2,https://www.nrl.com/stats/players/?competition=111&season=2025&stat=1000003
2025,Ineffective Tackles,1000003,2,SamVerrillsTitans,Sam,Verrills,Titans,21,52,2.476190476,https://www.nrl.com/stats/players/?competition=111&season=2025&stat=1000003
2025,Ineffective Tackles,1000003,3,RobertToiaRoosters,Robert,Toia,Roosters,22,50,2.272727273,https://www.nrl.com/stats/players/?competition=111&season=2025&stat=1000003
2025,Ineffective Tackles,1000003,4,PatrickCarriganBroncos,Patrick,Carrigan,Broncos,25,46,1.84,https://www.nrl.com/stats/players/?competition=111&season=2025&stat=1000003
2025,Ineffective Tackles,1000003,5,NicholasHynesSharks,Nicholas,Hynes,Sharks,27,46,1.703703704,https://www.nrl.com/stats/players/?competition=111&season=2025&stat=1000003
2025,Ineffective Tackles,1000003,6,ReedMahoneyBulldogs,Reed,Mahoney,Bulldogs,25,42,1.68,https://www.nrl.com/stats/players/?competition=111&season=2025&stat=1000003
2025,Ineffective Tackles,1000003,7,JacobPrestonBulldogs,Jacob,Preston,Bulldogs,22,41,1.863636364,https://www.nrl.com/stats/players/?competition=111&season=2025&stat=1000003
2025,Ineffective Tackles,1000003,8,ShawnBloreStorm,Shawn,Blore,Storm,24,40,1.666666667,https://www.nrl.com/stats/players/?competition=111&season=2025&stat=1000003
2025,Ineffective Tackles,1000003,9,TallisDuncanRabbitohs,Tallis,Duncan,Rabbitohs,24,39,1.625,https://www.nrl.com/stats/players/?competition=111&season=2025&stat=1000003
2025,Ineffective Tackles,1000003,10,KaiPearce-PaulKnights,Kai,Paul,Knights,22,39,1.772727273,https://www.nrl.com/stats/players/?competition=111&season=2025&stat=1000003
2025,Ineffective Tackles,1000003,11,JeremyMarshall-KingDolphins,Jeremy,King,Dolphins,19,39,2.052631579,https://www.nrl.com/stats/players/?competition=111&season=2025&stat=1000003
2025,Ineffective Tackles,1000003,12,BaileyHaywardBulldogs,Bailey,Hayward,Bulldogs,26,39,1.5,https://www.nrl.com/stats/players/?competition=111&season=2025&stat=1000003
2025,Ineffective Tackles,1000003,13,KurtDonoghoeDolphins,Kurt,Donoghoe,Dolphins,22,38,1.727272727,https://www.nrl.com/stats/players/?competition=111&season=2025&stat=1000003
2025,Ineffective Tackles,1000003,14,HarryHayesBulldogs,Harry,Hayes,Bulldogs,23,37,1.608695652,https://www.nrl.com/stats/players/?competition=111&season=2025&stat=1000003
2025,Ineffective Tackles,1000003,15,TerrellMayWests Tigers,Terrell,Wests,Tigers,24,37,1.541666667,https://www.nrl.com/stats/players/?competition=111&season=2025&stat=1000003
2025,Ineffective Tackles,1000003,16,TeigWiltonSharks,Teig,Wilton,Sharks,21,37,1.761904762,https://www.nrl.com/stats/players/?competition=111&season=2025&stat=1000003
2025,Ineffective Tackles,1000003,17,BlaizeTalagiPanthers,Blaize,Talagi,Panthers,22,36,1.636363636,https://www.nrl.com/stats/players/?competition=111&season=2025&stat=1000003
2025,Ineffective Tackles,1000003,18,DaneGagaiKnights,Dane,Gagai,Knights,24,35,1.458333333,https://www.nrl.com/stats/players/?competition=111&season=2025&stat=1000003
2025,Ineffective Tackles,1000003,19,IsaiyaKatoaDolphins,Isaiya,Katoa,Dolphins,24,35,1.458333333,https://www.nrl.com/stats/players/?competition=111&season=2025&stat=1000003
2025,Ineffective Tackles,1000003,20,JordanRikiBroncos,Jordan,Riki,Broncos,24,35,1.458333333,https://www.nrl.com/stats/players/?competition=111&season=2025&stat=1000003
2025,Ineffective Tackles,1000003,21,JazzTevagaSea Eagles,Jazz,Tevaga,Sea Eagles,24,34,1.416666667,https://www.nrl.com/stats/players/?competition=111&season=2025&stat=1000003
2025,Ineffective Tackles,1000003,22,HugoSavalaRoosters,Hugo,Savala,Roosters,21,34,1.619047619,https://www.nrl.com/stats/players/?competition=111&season=2025&stat=1000003
2025,Ineffective Tackles,1000003,23,ReeceRobsonCowboys,Reece,Robson,Cowboys,21,34,1.619047619,https://www.nrl.com/stats/players/?competition=111&season=2025&stat=1000003
2025,Ineffective Tackles,1000003,24,CameronMunsterStorm,Cameron,Munster,Storm,24,34,1.416666667,https://www.nrl.com/stats/players/?competition=111&season=2025&stat=1000003
2025,Ineffective Tackles,1000003,25,TomDeardenCowboys,Tom,Dearden,Cowboys,22,34,1.545454545,https://www.nrl.com/stats/players/?competition=111&season=2025&stat=1000003
2025,Ineffective Tackles,1000003,26,BritonNikoraSharks,Briton,Nikora,Sharks,23,34,1.47826087,https://www.nrl.com/stats/players/?competition=111&season=2025&stat=1000003
2025,Ineffective Tackles,1000003,27,JaemanSalmonBulldogs,Jaeman,Salmon,Bulldogs,20,33,1.65,https://www.nrl.com/stats/players/?competition=111&season=2025&stat=1000003
2025,Ineffective Tackles,1000003,28,DamienCookDragons,Damien,Cook,Dragons,24,33,1.375,https://www.nrl.com/stats/players/?competition=111&season=2025&stat=1000003
2025,Ineffective Tackles,1000003,29,LukeGarnerPanthers,Luke,Garner,Panthers,23,33,1.434782609,https://www.nrl.com/stats/players/?competition=111&season=2025&stat=1000003
2025,Ineffective Tackles,1000003,30,LachlanHubnerRabbitohs,Lachlan,Hubner,Rabbitohs,20,33,1.65,https://www.nrl.com/stats/players/?competition=111&season=2025&stat=1000003
2025,Ineffective Tackles,1000003,31,MarataNiukoreWarriors,Marata,Niukore,Warriors,25,32,1.28,https://www.nrl.com/stats/players/?competition=111&season=2025&stat=1000003
2025,Ineffective Tackles,1000003,32,JaiArrowRabbitohs,Jai,Arrow,Rabbitohs,24,32,1.333333333,https://www.nrl.com/stats/players/?competition=111&season=2025&stat=1000003
2025,Ineffective Tackles,1000003,33,JohnBatemanCowboys,John,Bateman,Cowboys,19,32,1.684210526,https://www.nrl.com/stats/players/?competition=111&season=2025&stat=1000003
2025,Ineffective Tackles,1000003,34,AddinFonua-BlakeSharks,Addin,Blake,Sharks,27,32,1.185185185,https://www.nrl.com/stats/players/?competition=111&season=2025&stat=1000003
2025,Ineffective Tackles,1000003,35,ApisaiKoroisauWests Tigers,Apisai,Wests,Tigers,22,31,1.409090909,https://www.nrl.com/stats/players/?competition=111&season=2025&stat=1000003
2025,Ineffective Tackles,1000003,36,JeremiahNanaiCowboys,Jeremiah,Nanai,Cowboys,21,31,1.476190476,https://www.nrl.com/stats/players/?competition=111&season=2025&stat=1000003
2025,Ineffective Tackles,1000003,37,KyleFlanaganDragons,Kyle,Flanagan,Dragons,24,30,1.25,https://www.nrl.com/stats/players/?competition=111&season=2025&stat=1000003
2025,Ineffective Tackles,1000003,38,MaxKingBulldogs,Max,King,Bulldogs,23,30,1.304347826,https://www.nrl.com/stats/players/?competition=111&season=2025&stat=1000003
2025,Ineffective Tackles,1000003,39,JakeSimpkinSea Eagles,Jake,Simpkin,Sea Eagles,22,30,1.363636364,https://www.nrl.com/stats/players/?competition=111&season=2025&stat=1000003
2025,Ineffective Tackles,1000003,40,LiamMartinPanthers,Liam,Martin,Panthers,21,30,1.428571429,https://www.nrl.com/stats/players/?competition=111&season=2025&stat=1000003
2025,Ineffective Tackles,1000003,41,EliesaKatoaStorm,Eliesa,Katoa,Storm,26,30,1.153846154,https://www.nrl.com/stats/players/?competition=111&season=2025&stat=1000003
2025,Ineffective Tackles,1000003,42,JoshKingStorm,Josh,King,Storm,26,30,1.153846154,https://www.nrl.com/stats/players/?competition=111&season=2025&stat=1000003
2025,Ineffective Tackles,1000003,43,PhoenixCrosslandKnights,Phoenix,Crossland,Knights,23,29,1.260869565,https://www.nrl.com/stats/players/?competition=111&season=2025&stat=1000003
2025,Ineffective Tackles,1000003,44,BenTrbojevicSea Eagles,Ben,Trbojevic,Sea Eagles,22,29,1.318181818,https://www.nrl.com/stats/players/?competition=111&season=2025&stat=1000003
2025,Ineffective Tackles,1000003,45,ChanelHarris-TavitaWarriors,Chanel,Tavita,Warriors,24,29,1.208333333,https://www.nrl.com/stats/players/?competition=111&season=2025&stat=1000003
2025,Ineffective Tackles,1000003,46,JackCoggerKnights,Jack,Cogger,Knights,21,29,1.380952381,https://www.nrl.com/stats/players/?competition=111&season=2025&stat=1000003
2025,Ineffective Tackles,1000003,47,NathanClearyPanthers,Nathan,Cleary,Panthers,22,29,1.318181818,https://www.nrl.com/stats/players/?competition=111&season=2025&stat=1000003
2025,Ineffective Tackles,1000003,48,AlexTwalWests Tigers,Alex,Wests,Tigers,23,29,1.260869565,https://www.nrl.com/stats/players/?competition=111&season=2025&stat=1000003
2025,Ineffective Tackles,1000003,49,LindsaySmithPanthers,Lindsay,Smith,Panthers,26,28,1.076923077,https://www.nrl.com/stats/players/?competition=111&season=2025&stat=1000003
2025,Ineffective Tackles,1000003,50,BillyBurnsSharks,Billy,Burns,Sharks,17,28,1.647058824,https://www.nrl.com/stats/players/?competition=111&season=2025&stat=1000004
2025,Interceptions,1000004,1,AlexJohnstonRabbitohs,Alex,Johnston,Rabbitohs,16,6,0.375,https://www.nrl.com/stats/players/?competition=111&season=2025&stat=1000004
2025,Interceptions,1000004,2,JaydenCampbellTitans,Jayden,Campbell,Titans,20,6,0.3,https://www.nrl.com/stats/players/?competition=111&season=2025&stat=1000004
2025,Interceptions,1000004,3,ThomasJenkinsPanthers,Thomas,Jenkins,Panthers,21,4,0.19047619,https://www.nrl.com/stats/players/?competition=111&season=2025&stat=1000004
2025,Interceptions,1000004,4,DeineMarinerBroncos,Deine,Mariner,Broncos,19,3,0.157894737,https://www.nrl.com/stats/players/?competition=111&season=2025&stat=1000004
2025,Interceptions,1000004,5,DalyCherry-EvansSea Eagles,Daly,Evans,Sea Eagles,23,3,0.130434783,https://www.nrl.com/stats/players/?competition=111&season=2025&stat=1000004
2025,Interceptions,1000004,6,SemiValemeiCowboys,Semi,Valemei,Cowboys,4,3,0.75,https://www.nrl.com/stats/players/?competition=111&season=2025&stat=1000004
2025,Interceptions,1000004,7,JasonSaabSea Eagles,Jason,Saab,Sea Eagles,20,3,0.15,https://www.nrl.com/stats/players/?competition=111&season=2025&stat=1000004
2025,Interceptions,1000004,8,EliesaKatoaStorm,Eliesa,Katoa,Storm,26,3,0.115384615,https://www.nrl.com/stats/players/?competition=111&season=2025&stat=1000004
2025,Interceptions,1000004,9,JesseRamienSharks,Jesse,Ramien,Sharks,24,3,0.125,https://www.nrl.com/stats/players/?competition=111&season=2025&stat=1000004
2025,Interceptions,1000004,10,AdamPompeyWarriors,Adam,Pompey,Warriors,25,3,0.12,https://www.nrl.com/stats/players/?competition=111&season=2025&stat=1000004
2025,Interceptions,1000004,11,JoshAddo-CarrEels,Josh,Carr,Eels,22,3,0.136363636,https://www.nrl.com/stats/players/?competition=111&season=2025&stat=1000004
2025,Interceptions,1000004,12,XavierCoatesStorm,Xavier,Coates,Storm,22,3,0.136363636,https://www.nrl.com/stats/players/?competition=111&season=2025&stat=1000004
2025,Interceptions,1000004,13,JuniorPauloEels,Junior,Paulo,Eels,24,3,0.125,https://www.nrl.com/stats/players/?competition=111&season=2025&stat=1000004
2025,Interceptions,1000004,14,TommyTalauSea Eagles,Tommy,Talau,Sea Eagles,13,2,0.153846154,https://www.nrl.com/stats/players/?competition=111&season=2025&stat=1000004
2025,Interceptions,1000004,15,MattBurtonBulldogs,Matt,Burton,Bulldogs,21,2,0.095238095,https://www.nrl.com/stats/players/?competition=111&season=2025&stat=1000004
2025,Interceptions,1000004,16,FletcherSharpeKnights,Fletcher,Sharpe,Knights,14,2,0.142857143,https://www.nrl.com/stats/players/?competition=111&season=2025&stat=1000004
2025,Interceptions,1000004,17,ZacLaybuttCowboys,Zac,Laybutt,Cowboys,14,2,0.142857143,https://www.nrl.com/stats/players/?competition=111&season=2025&stat=1000004
2025,Interceptions,1000004,18,AlofianaKhan-PereiraTitans,Alofiana,Pereira,Titans,10,2,0.2,https://www.nrl.com/stats/players/?competition=111&season=2025&stat=1000004
2025,Interceptions,1000004,19,AdamReynoldsBroncos,Adam,Reynolds,Broncos,22,2,0.090909091,https://www.nrl.com/stats/players/?competition=111&season=2025&stat=1000004
2025,Interceptions,1000004,20,ZacHoskingRaiders,Zac,Hosking,Raiders,21,2,0.095238095,https://www.nrl.com/stats/players/?competition=111&season=2025&stat=1000004
2025,Interceptions,1000004,21,XavierSavageRaiders,Xavier,Savage,Raiders,21,2,0.095238095,https://www.nrl.com/stats/players/?competition=111&season=2025&stat=1000004
2025,Interceptions,1000004,22,BaileyHaywardBulldogs,Bailey,Hayward,Bulldogs,26,2,0.076923077,https://www.nrl.com/stats/players/?competition=111&season=2025&stat=1000004
2025,Interceptions,1000004,23,WillWarbrickStorm,Will,Warbrick,Storm,7,2,0.285714286,https://www.nrl.com/stats/players/?competition=111&season=2025&stat=1000004
2025,Interceptions,1000004,24,SualauviFaalogoStorm,Sualauvi,Faalogo,Storm,7,2,0.285714286,https://www.nrl.com/stats/players/?competition=111&season=2025&stat=1000004
2025,Interceptions,1000004,25,SavelioTamaleRaiders,Savelio,Tamale,Raiders,18,2,0.111111111,https://www.nrl.com/stats/players/?competition=111&season=2025&stat=1000004
2025,Interceptions,1000004,26,CharlieStainesWests Tigers,Charlie,Wests,Tigers,7,2,0.285714286,https://www.nrl.com/stats/players/?competition=111&season=2025&stat=1000004
2025,Interceptions,1000004,27,RogerTuivasa-SheckWarriors,Roger,Sheck,Warriors,19,2,0.105263158,https://www.nrl.com/stats/players/?competition=111&season=2025&stat=1000004
2025,Interceptions,1000004,28,ZacLomaxEels,Zac,Lomax,Eels,19,2,0.105263158,https://www.nrl.com/stats/players/?competition=111&season=2025&stat=1000004
2025,Interceptions,1000004,29,BrianTo'oPanthers,Brian,To'o,Panthers,16,2,0.125,https://www.nrl.com/stats/players/?competition=111&season=2025&stat=1000004
2025,Interceptions,1000004,30,BillyBurnsSharks,Billy,Burns,Sharks,17,2,0.117647059,https://www.nrl.com/stats/players/?competition=111&season=2025&stat=1000004
2025,Interceptions,1000004,31,JamesTedescoRoosters,James,Tedesco,Roosters,25,1,0.04,https://www.nrl.com/stats/players/?competition=111&season=2025&stat=1000004
2025,Interceptions,1000004,32,HugoSavalaRoosters,Hugo,Savala,Roosters,21,1,0.047619048,https://www.nrl.com/stats/players/?competition=111&season=2025&stat=1000004
2025,Interceptions,1000004,33,SiuaWongRoosters,Siua,Wong,Roosters,21,1,0.047619048,https://www.nrl.com/stats/players/?competition=111&season=2025&stat=1000004
2025,Interceptions,1000004,34,EganButcherRoosters,Egan,Butcher,Roosters,17,1,0.058823529,https://www.nrl.com/stats/players/?competition=111&season=2025&stat=1000004
2025,Interceptions,1000004,35,ZachDockar-ClayRoosters,Zach,Clay,Roosters,16,1,0.0625,https://www.nrl.com/stats/players/?competition=111&season=2025&stat=1000004
2025,Interceptions,1000004,36,ReubenGarrickSea Eagles,Reuben,Garrick,Sea Eagles,21,1,0.047619048,https://www.nrl.com/stats/players/?competition=111&season=2025&stat=1000004
2025,Interceptions,1000004,37,LukeBrooksSea Eagles,Luke,Brooks,Sea Eagles,24,1,0.041666667,https://www.nrl.com/stats/players/?competition=111&season=2025&stat=1000004
2025,Interceptions,1000004,38,JakeSimpkinSea Eagles,Jake,Simpkin,Sea Eagles,22,1,0.045454545,https://www.nrl.com/stats/players/?competition=111&season=2025&stat=1000004
2025,Interceptions,1000004,39,MarkNawaqanitawaseRoosters,Mark,Nawaqanitawase,Roosters,23,1,0.043478261,https://www.nrl.com/stats/players/?competition=111&season=2025&stat=1000004
2025,Interceptions,1000004,40,FletcherHuntKnights,Fletcher,Hunt,Knights,12,1,0.083333333,https://www.nrl.com/stats/players/?competition=111&season=2025&stat=1000004
2025,Interceptions,1000004,41,SiosiuaTaukeiahoSea Eagles,Siosiua,Taukeiaho,Sea Eagles,21,1,0.047619048,https://www.nrl.com/stats/players/?competition=111&season=2025&stat=1000004
2025,Interceptions,1000004,42,JacksonHastingsKnights,Jackson,Hastings,Knights,5,1,0.2,https://www.nrl.com/stats/players/?competition=111&season=2025&stat=1000004
2025,Interceptions,1000004,43,KalynPongaKnights,Kalyn,Ponga,Knights,13,1,0.076923077,https://www.nrl.com/stats/players/?competition=111&season=2025&stat=1000004
2025,Interceptions,1000004,44,EuanAitkenRabbitohs,Euan,Aitken,Rabbitohs,14,1,0.071428571,https://www.nrl.com/stats/players/?competition=111&season=2025&stat=1000004
2025,Interceptions,1000004,45,CoreyWaddellSea Eagles,Corey,Waddell,Sea Eagles,22,1,0.045454545,https://www.nrl.com/stats/players/?competition=111&season=2025&stat=1000004
2025,Interceptions,1000004,46,BrianKellyTitans,Brian,Kelly,Titans,21,1,0.047619048,https://www.nrl.com/stats/players/?competition=111&season=2025&stat=1000004
2025,Interceptions,1000004,47,TysonGambleKnights,Tyson,Gamble,Knights,6,1,0.166666667,https://www.nrl.com/stats/players/?competition=111&season=2025&stat=1000004
2025,Interceptions,1000004,48,SilivaHaviliRabbitohs,Siliva,Havili,Rabbitohs,23,1,0.043478261,https://www.nrl.com/stats/players/?competition=111&season=2025&stat=1000004
2025,Interceptions,1000004,49,ReaganCampbell-GillardTitans,Reagan,Gillard,Titans,24,1,0.041666667,https://www.nrl.com/stats/players/?competition=111&season=2025&stat=1000004
2025,Interceptions,1000004,50,AJBrimsonTitans,AJBrimson,AJBrimson,Titans,23,1,0.043478261,https://www.nrl.com/stats/players/?competition=111&season=2025&stat=32
2025,Kick Metres,32,1,NathanClearyPanthers,Nathan,Cleary,Panthers,22,"12,726",578.4545455,https://www.nrl.com/stats/players/?competition=111&season=2025&stat=32
2025,Kick Metres,32,2,JamalFogartyRaiders,Jamal,Fogarty,Raiders,24,"11,723",488.4583333,https://www.nrl.com/stats/players/?competition=111&season=2025&stat=32
2025,Kick Metres,32,3,IsaiyaKatoaDolphins,Isaiya,Katoa,Dolphins,24,"10,493",437.2083333,https://www.nrl.com/stats/players/?competition=111&season=2025&stat=32
2025,Kick Metres,32,4,BraydonTrindallSharks,Braydon,Trindall,Sharks,26,"9,746",374.8461538,https://www.nrl.com/stats/players/?competition=111&season=2025&stat=32
2025,Kick Metres,32,5,DalyCherry-EvansSea Eagles,Daly,Evans,Sea Eagles,23,"9,555",415.4347826,https://www.nrl.com/stats/players/?competition=111&season=2025&stat=32
2025,Kick Metres,32,6,AdamReynoldsBroncos,Adam,Reynolds,Broncos,22,"8,248",374.9090909,https://www.nrl.com/stats/players/?competition=111&season=2025&stat=32
2025,Kick Metres,32,7,JaydenCampbellTitans,Jayden,Campbell,Titans,20,"8,047",402.35,https://www.nrl.com/stats/players/?competition=111&season=2025&stat=32
2025,Kick Metres,32,8,KyleFlanaganDragons,Kyle,Flanagan,Dragons,24,"7,482",311.75,https://www.nrl.com/stats/players/?competition=111&season=2025&stat=32
2025,Kick Metres,32,9,MattBurtonBulldogs,Matt,Burton,Bulldogs,21,"7,139",339.952381,https://www.nrl.com/stats/players/?competition=111&season=2025&stat=32
2025,Kick Metres,32,10,MitchellMosesEels,Mitchell,Moses,Eels,13,"7,093",545.6153846,https://www.nrl.com/stats/players/?competition=111&season=2025&stat=32
2025,Kick Metres,32,11,JahromeHughesStorm,Jahrome,Hughes,Storm,20,"7,083",354.15,https://www.nrl.com/stats/players/?competition=111&season=2025&stat=32
2025,Kick Metres,32,12,HugoSavalaRoosters,Hugo,Savala,Roosters,21,"6,880",327.6190476,https://www.nrl.com/stats/players/?competition=111&season=2025&stat=32
2025,Kick Metres,32,13,JamieHumphreysRabbitohs,Jamie,Humphreys,Rabbitohs,18,"6,061",336.7222222,https://www.nrl.com/stats/players/?competition=111&season=2025&stat=32
2025,Kick Metres,32,14,JackCoggerKnights,Jack,Cogger,Knights,21,"6,000",285.7142857,https://www.nrl.com/stats/players/?competition=111&season=2025&stat=32
2025,Kick Metres,32,15,NicholasHynesSharks,Nicholas,Hynes,Sharks,27,"5,944",220.1481481,https://www.nrl.com/stats/players/?competition=111&season=2025&stat=32
2025,Kick Metres,32,16,JaromeLuaiWests Tigers,Jarome,Wests,Tigers,21,"5,668",269.9047619,https://www.nrl.com/stats/players/?competition=111&season=2025&stat=32
2025,Kick Metres,32,17,LukeMetcalfWarriors,Luke,Metcalf,Warriors,15,"5,667",377.8,https://www.nrl.com/stats/players/?competition=111&season=2025&stat=32
2025,Kick Metres,32,18,TobySextonBulldogs,Toby,Sexton,Bulldogs,18,"5,101",283.3888889,https://www.nrl.com/stats/players/?competition=111&season=2025&stat=32
2025,Kick Metres,32,19,ChanelHarris-TavitaWarriors,Chanel,Tavita,Warriors,24,"4,824",201,https://www.nrl.com/stats/players/?competition=111&season=2025&stat=32
2025,Kick Metres,32,20,LatrellMitchellRabbitohs,Latrell,Mitchell,Rabbitohs,11,"4,772",433.8181818,https://www.nrl.com/stats/players/?competition=111&season=2025&stat=32
2025,Kick Metres,32,21,DeanHawkinsEels,Dean,Hawkins,Eels,12,"4,424",368.6666667,https://www.nrl.com/stats/players/?competition=111&season=2025&stat=32
2025,Kick Metres,32,22,LukeBrooksSea Eagles,Luke,Brooks,Sea Eagles,24,"4,401",183.375,https://www.nrl.com/stats/players/?competition=111&season=2025&stat=32
2025,Kick Metres,32,23,CameronMunsterStorm,Cameron,Munster,Storm,24,"4,201",175.0416667,https://www.nrl.com/stats/players/?competition=111&season=2025&stat=32
2025,Kick Metres,32,24,JakeCliffordCowboys,Jake,Clifford,Cowboys,14,"4,019",287.0714286,https://www.nrl.com/stats/players/?competition=111&season=2025&stat=32
2025,Kick Metres,32,25,TomDeardenCowboys,Tom,Dearden,Cowboys,22,"3,795",172.5,https://www.nrl.com/stats/players/?competition=111&season=2025&stat=32
2025,Kick Metres,32,26,BenHuntBroncos,Ben,Hunt,Broncos,21,"3,541",168.6190476,https://www.nrl.com/stats/players/?competition=111&season=2025&stat=32
2025,Kick Metres,32,27,TanahBoydWarriors,Tanah,Boyd,Warriors,9,"3,466",385.1111111,https://www.nrl.com/stats/players/?competition=111&season=2025&stat=32
2025,Kick Metres,32,28,ReeceWalshBroncos,Reece,Walsh,Broncos,21,"3,393",161.5714286,https://www.nrl.com/stats/players/?competition=111&season=2025&stat=32
2025,Kick Metres,32,29,ScottDrinkwaterCowboys,Scott,Drinkwater,Cowboys,24,"3,097",129.0416667,https://www.nrl.com/stats/players/?competition=111&season=2025&stat=32
2025,Kick Metres,32,30,LachlanIliasDragons,Lachlan,Ilias,Dragons,7,"3,027",432.4285714,https://www.nrl.com/stats/players/?competition=111&season=2025&stat=32
2025,Kick Metres,32,31,LyhkanKing-TogiaDragons,Lyhkan,Togia,Dragons,17,"2,544",149.6470588,https://www.nrl.com/stats/players/?competition=111&season=2025&stat=32
2025,Kick Metres,32,32,LachlanGalvinBulldogs,Lachlan,Galvin,Bulldogs,24,"2,293",95.54166667,https://www.nrl.com/stats/players/?competition=111&season=2025&stat=32
2025,Kick Metres,32,33,AdamDoueihiWests Tigers,Adam,Wests,Tigers,21,"2,274",108.2857143,https://www.nrl.com/stats/players/?competition=111&season=2025&stat=32
2025,Kick Metres,32,34,BradSchneiderPanthers,Brad,Schneider,Panthers,18,"2,269",126.0555556,https://www.nrl.com/stats/players/?competition=111&season=2025&stat=32
2025,Kick Metres,32,35,ChadTownsendRoosters,Chad,Townsend,Roosters,6,"2,048",341.3333333,https://www.nrl.com/stats/players/?competition=111&season=2025&stat=32
2025,Kick Metres,32,36,JonahPezetStorm,Jonah,Pezet,Storm,8,"2,020",252.5,https://www.nrl.com/stats/players/?competition=111&season=2025&stat=32
2025,Kick Metres,32,37,SamWalkerRoosters,Sam,Walker,Roosters,9,"1,870",207.7777778,https://www.nrl.com/stats/players/?competition=111&season=2025&stat=32
2025,Kick Metres,32,38,SandonSmithRoosters,Sandon,Smith,Roosters,17,"1,857",109.2352941,https://www.nrl.com/stats/players/?competition=111&season=2025&stat=32
2025,Kick Metres,32,39,LachlanGalvinWests Tigers,Lachlan,Wests,Tigers,24,"1,835",76.45833333,https://www.nrl.com/stats/players/?competition=111&season=2025&stat=32
2025,Kick Metres,32,40,KieranForanTitans,Kieran,Foran,Titans,15,"1,728",115.2,https://www.nrl.com/stats/players/?competition=111&season=2025&stat=32
2025,Kick Metres,32,41,TomWeaverTitans,Tom,Weaver,Titans,5,"1,723",344.6,https://www.nrl.com/stats/players/?competition=111&season=2025&stat=32
2025,Kick Metres,32,42,AJBrimsonTitans,AJBrimson,AJBrimson,Titans,23,"1,710",74.34782609,https://www.nrl.com/stats/players/?competition=111&season=2025&stat=32
2025,Kick Metres,32,43,TyranWishartStorm,Tyran,Wishart,Storm,27,"1,656",61.33333333,https://www.nrl.com/stats/players/?competition=111&season=2025&stat=32
2025,Kick Metres,32,44,KalynPongaKnights,Kalyn,Ponga,Knights,13,"1,594",122.6153846,https://www.nrl.com/stats/players/?competition=111&season=2025&stat=32
2025,Kick Metres,32,45,TysonGambleKnights,Tyson,Gamble,Knights,6,"1,543",257.1666667,https://www.nrl.com/stats/players/?competition=111&season=2025&stat=32
2025,Kick Metres,32,46,KodiNikorimaDolphins,Kodi,Nikorima,Dolphins,20,"1,449",72.45,https://www.nrl.com/stats/players/?competition=111&season=2025&stat=32
2025,Kick Metres,32,47,JacksonHastingsKnights,Jackson,Hastings,Knights,5,"1,438",287.6,https://www.nrl.com/stats/players/?competition=111&season=2025&stat=32
2025,Kick Metres,32,48,LatuFainuWests Tigers,Latu,Wests,Tigers,14,"1,394",99.57142857,https://www.nrl.com/stats/players/?competition=111&season=2025&stat=32
2025,Kick Metres,32,49,JakeArthurKnights,Jake,Arthur,Knights,6,"1,353",225.5,https://www.nrl.com/stats/players/?competition=111&season=2025&stat=32
2025,Kick Metres,32,50,JackWightonRabbitohs,Jack,Wighton,Rabbitohs,15,"1,348",89.86666667,https://www.nrl.com/stats/players/?competition=111&season=2025&stat=78
2025,Kick Return Meteres,78,1,ConnorTraceyBulldogs,Connor,Tracey,Bulldogs,24,"2,214",92.25,https://www.nrl.com/stats/players/?competition=111&season=2025&stat=78
2025,Kick Return Meteres,78,2,WilliamKennedySharks,William,Kennedy,Sharks,27,"1,950",72.22222222,https://www.nrl.com/stats/players/?competition=111&season=2025&stat=78
2025,Kick Return Meteres,78,3,KaeoWeekesRaiders,Kaeo,Weekes,Raiders,25,"1,827",73.08,https://www.nrl.com/stats/players/?competition=111&season=2025&stat=78
2025,Kick Return Meteres,78,4,DylanEdwardsPanthers,Dylan,Edwards,Panthers,20,"1,667",83.35,https://www.nrl.com/stats/players/?competition=111&season=2025&stat=78
2025,Kick Return Meteres,78,5,IsaiahIongiEels,Isaiah,Iongi,Eels,21,"1,247",59.38095238,https://www.nrl.com/stats/players/?competition=111&season=2025&stat=78
2025,Kick Return Meteres,78,6,JamesTedescoRoosters,James,Tedesco,Roosters,25,"1,148",45.92,https://www.nrl.com/stats/players/?competition=111&season=2025&stat=78
2025,Kick Return Meteres,78,7,CharnzeNicoll-KlokstadWarriors,Charnze,Klokstad,Warriors,22,"1,068",48.54545455,https://www.nrl.com/stats/players/?competition=111&season=2025&stat=78
2025,Kick Return Meteres,78,8,LehiHopoateSea Eagles,Lehi,Hopoate,Sea Eagles,22,"1,064",48.36363636,https://www.nrl.com/stats/players/?competition=111&season=2025&stat=78
2025,Kick Return Meteres,78,9,ClintonGuthersonDragons,Clinton,Gutherson,Dragons,24,"1,023",42.625,https://www.nrl.com/stats/players/?competition=111&season=2025&stat=78
2025,Kick Return Meteres,78,10,ScottDrinkwaterCowboys,Scott,Drinkwater,Cowboys,24,978,40.75,https://www.nrl.com/stats/players/?competition=111&season=2025&stat=78
2025,Kick Return Meteres,78,11,HamisoTabuai-FidowDolphins,Hamiso,Fidow,Dolphins,21,922,43.9047619,https://www.nrl.com/stats/players/?competition=111&season=2025&stat=78
2025,Kick Return Meteres,78,12,DanielTupouRoosters,Daniel,Tupou,Roosters,24,917,38.20833333,https://www.nrl.com/stats/players/?competition=111&season=2025&stat=78
2025,Kick Return Meteres,78,13,GregMarzhewKnights,Greg,Marzhew,Knights,18,871,48.38888889,https://www.nrl.com/stats/players/?competition=111&season=2025&stat=78
2025,Kick Return Meteres,78,14,JahreamBulaWests Tigers,Jahream,Wests,Tigers,18,822,45.66666667,https://www.nrl.com/stats/players/?competition=111&season=2025&stat=78
2025,Kick Return Meteres,78,15,RyanPapenhuyzenStorm,Ryan,Papenhuyzen,Storm,21,798,38,https://www.nrl.com/stats/players/?competition=111&season=2025&stat=78
2025,Kick Return Meteres,78,16,ThomasJenkinsPanthers,Thomas,Jenkins,Panthers,21,770,36.66666667,https://www.nrl.com/stats/players/?competition=111&season=2025&stat=78
2025,Kick Return Meteres,78,17,AJBrimsonTitans,AJBrimson,AJBrimson,Titans,23,767,33.34782609,https://www.nrl.com/stats/players/?competition=111&season=2025&stat=78
2025,Kick Return Meteres,78,18,JyeGrayRabbitohs,Jye,Gray,Rabbitohs,19,725,38.15789474,https://www.nrl.com/stats/players/?competition=111&season=2025&stat=78
2025,Kick Return Meteres,78,19,TomTrbojevicSea Eagles,Tom,Trbojevic,Sea Eagles,18,724,40.22222222,https://www.nrl.com/stats/players/?competition=111&season=2025&stat=78
2025,Kick Return Meteres,78,20,RogerTuivasa-SheckWarriors,Roger,Sheck,Warriors,19,724,38.10526316,https://www.nrl.com/stats/players/?competition=111&season=2025&stat=78
2025,Kick Return Meteres,78,21,ReeceWalshBroncos,Reece,Walsh,Broncos,21,714,34,https://www.nrl.com/stats/players/?competition=111&season=2025&stat=78
2025,Kick Return Meteres,78,22,KalynPongaKnights,Kalyn,Ponga,Knights,13,664,51.07692308,https://www.nrl.com/stats/players/?competition=111&season=2025&stat=78
2025,Kick Return Meteres,78,23,JoshAddo-CarrEels,Josh,Carr,Eels,22,657,29.86363636,https://www.nrl.com/stats/players/?competition=111&season=2025&stat=78
2025,Kick Return Meteres,78,24,SelwynCobboBroncos,Selwyn,Cobbo,Broncos,15,633,42.2,https://www.nrl.com/stats/players/?competition=111&season=2025&stat=78
2025,Kick Return Meteres,78,25,JuniorPauloEels,Junior,Paulo,Eels,24,628,26.16666667,https://www.nrl.com/stats/players/?competition=111&season=2025&stat=78
2025,Kick Return Meteres,78,26,PatrickCarriganBroncos,Patrick,Carrigan,Broncos,25,611,24.44,https://www.nrl.com/stats/players/?competition=111&season=2025&stat=78
2025,Kick Return Meteres,78,27,StefanoUtoikamanuStorm,Stefano,Utoikamanu,Storm,25,595,23.8,https://www.nrl.com/stats/players/?competition=111&season=2025&stat=78
2025,Kick Return Meteres,78,28,FrancisMoloDolphins,Francis,Molo,Dolphins,16,574,35.875,https://www.nrl.com/stats/players/?competition=111&season=2025&stat=78
2025,Kick Return Meteres,78,29,SavelioTamaleRaiders,Savelio,Tamale,Raiders,18,549,30.5,https://www.nrl.com/stats/players/?competition=111&season=2025&stat=78
2025,Kick Return Meteres,78,30,JacobKirazBulldogs,Jacob,Kiraz,Bulldogs,19,544,28.63157895,https://www.nrl.com/stats/players/?competition=111&season=2025&stat=78
2025,Kick Return Meteres,78,31,JoshPapaliiRaiders,Josh,Papalii,Raiders,24,534,22.25,https://www.nrl.com/stats/players/?competition=111&season=2025&stat=78
2025,Kick Return Meteres,78,32,AlexJohnstonRabbitohs,Alex,Johnston,Rabbitohs,16,530,33.125,https://www.nrl.com/stats/players/?competition=111&season=2025&stat=78
2025,Kick Return Meteres,78,33,JesseArtharsBroncos,Jesse,Arthars,Broncos,18,526,29.22222222,https://www.nrl.com/stats/players/?competition=111&season=2025&stat=78
2025,Kick Return Meteres,78,34,XavierCoatesStorm,Xavier,Coates,Storm,22,526,23.90909091,https://www.nrl.com/stats/players/?competition=111&season=2025&stat=78
2025,Kick Return Meteres,78,35,AtaMariotaRaiders,Ata,Mariota,Raiders,26,518,19.92307692,https://www.nrl.com/stats/players/?competition=111&season=2025&stat=78
2025,Kick Return Meteres,78,36,MaxKingBulldogs,Max,King,Bulldogs,23,516,22.43478261,https://www.nrl.com/stats/players/?competition=111&season=2025&stat=78
2025,Kick Return Meteres,78,37,JamayneIsaakoDolphins,Jamayne,Isaako,Dolphins,24,513,21.375,https://www.nrl.com/stats/players/?competition=111&season=2025&stat=78
2025,Kick Return Meteres,78,38,TaineTuaupikiWarriors,Taine,Tuaupiki,Warriors,14,512,36.57142857,https://www.nrl.com/stats/players/?competition=111&season=2025&stat=78
2025,Kick Return Meteres,78,39,LindsaySmithPanthers,Lindsay,Smith,Panthers,26,511,19.65384615,https://www.nrl.com/stats/players/?competition=111&season=2025&stat=78
2025,Kick Return Meteres,78,40,CoreyJensenBroncos,Corey,Jensen,Broncos,25,505,20.2,https://www.nrl.com/stats/players/?competition=111&season=2025&stat=78
2025,Kick Return Meteres,78,41,DaineLauriePanthers,Daine,Laurie,Panthers,9,502,55.77777778,https://www.nrl.com/stats/players/?competition=111&season=2025&stat=78
2025,Kick Return Meteres,78,42,BrianTo'oPanthers,Brian,To'o,Panthers,16,500,31.25,https://www.nrl.com/stats/players/?competition=111&season=2025&stat=78
2025,Kick Return Meteres,78,43,RobertDerbyCowboys,Robert,Derby,Cowboys,17,492,28.94117647,https://www.nrl.com/stats/players/?competition=111&season=2025&stat=78
2025,Kick Return Meteres,78,44,JeralSkeltonWests Tigers,Jeral,Wests,Tigers,15,487,32.46666667,https://www.nrl.com/stats/players/?competition=111&season=2025&stat=78
2025,Kick Return Meteres,78,45,DeineMarinerBroncos,Deine,Mariner,Broncos,19,465,24.47368421,https://www.nrl.com/stats/players/?competition=111&season=2025&stat=78
2025,Kick Return Meteres,78,46,MarkNawaqanitawaseRoosters,Mark,Nawaqanitawase,Roosters,23,462,20.08695652,https://www.nrl.com/stats/players/?competition=111&season=2025&stat=78
2025,Kick Return Meteres,78,47,JaiminJolliffeTitans,Jaimin,Jolliffe,Titans,17,447,26.29411765,https://www.nrl.com/stats/players/?competition=111&season=2025&stat=78
2025,Kick Return Meteres,78,48,SioneKatoaSharks,Sione,Katoa,Sharks,15,447,29.8,https://www.nrl.com/stats/players/?competition=111&season=2025&stat=78
2025,Kick Return Meteres,78,49,JoshKingStorm,Josh,King,Storm,26,435,16.73076923,https://www.nrl.com/stats/players/?competition=111&season=2025&stat=78
2025,Kick Return Meteres,78,50,BraidonBurnsCowboys,Braidon,Burns,Cowboys,13,434,33.38461538,https://www.nrl.com/stats/players/?competition=111&season=2025&stat=31
2025,Line Break Assists,31,1,ReeceWalshBroncos,Reece,Walsh,Broncos,21,34,1.619047619,https://www.nrl.com/stats/players/?competition=111&season=2025&stat=31
2025,Line Break Assists,31,2,NicholasHynesSharks,Nicholas,Hynes,Sharks,27,31,1.148148148,https://www.nrl.com/stats/players/?competition=111&season=2025&stat=31
2025,Line Break Assists,31,3,JamesTedescoRoosters,James,Tedesco,Roosters,25,27,1.08,https://www.nrl.com/stats/players/?competition=111&season=2025&stat=31
2025,Line Break Assists,31,4,ScottDrinkwaterCowboys,Scott,Drinkwater,Cowboys,24,21,0.875,https://www.nrl.com/stats/players/?competition=111&season=2025&stat=31
2025,Line Break Assists,31,5,IsaiyaKatoaDolphins,Isaiya,Katoa,Dolphins,24,21,0.875,https://www.nrl.com/stats/players/?competition=111&season=2025&stat=31
2025,Line Break Assists,31,6,ClintonGuthersonDragons,Clinton,Gutherson,Dragons,24,21,0.875,https://www.nrl.com/stats/players/?competition=111&season=2025&stat=31
2025,Line Break Assists,31,7,IzackTagoPanthers,Izack,Tago,Panthers,25,20,0.8,https://www.nrl.com/stats/players/?competition=111&season=2025&stat=31
2025,Line Break Assists,31,8,NathanClearyPanthers,Nathan,Cleary,Panthers,22,18,0.818181818,https://www.nrl.com/stats/players/?competition=111&season=2025&stat=31
2025,Line Break Assists,31,9,LukeBrooksSea Eagles,Luke,Brooks,Sea Eagles,24,18,0.75,https://www.nrl.com/stats/players/?competition=111&season=2025&stat=31
2025,Line Break Assists,31,10,KodiNikorimaDolphins,Kodi,Nikorima,Dolphins,20,18,0.9,https://www.nrl.com/stats/players/?competition=111&season=2025&stat=31
2025,Line Break Assists,31,11,TomDeardenCowboys,Tom,Dearden,Cowboys,22,18,0.818181818,https://www.nrl.com/stats/players/?competition=111&season=2025&stat=31
2025,Line Break Assists,31,12,TomTrbojevicSea Eagles,Tom,Trbojevic,Sea Eagles,18,17,0.944444444,https://www.nrl.com/stats/players/?competition=111&season=2025&stat=31
2025,Line Break Assists,31,13,HamisoTabuai-FidowDolphins,Hamiso,Fidow,Dolphins,21,17,0.80952381,https://www.nrl.com/stats/players/?competition=111&season=2025&stat=31
2025,Line Break Assists,31,14,CaseyMcLeanPanthers,Casey,Lean,Panthers,23,17,0.739130435,https://www.nrl.com/stats/players/?competition=111&season=2025&stat=31
2025,Line Break Assists,31,15,DalyCherry-EvansSea Eagles,Daly,Evans,Sea Eagles,23,16,0.695652174,https://www.nrl.com/stats/players/?competition=111&season=2025&stat=31
2025,Line Break Assists,31,16,DaneGagaiKnights,Dane,Gagai,Knights,24,16,0.666666667,https://www.nrl.com/stats/players/?competition=111&season=2025&stat=31
2025,Line Break Assists,31,17,ConnorTraceyBulldogs,Connor,Tracey,Bulldogs,24,16,0.666666667,https://www.nrl.com/stats/players/?competition=111&season=2025&stat=31
2025,Line Break Assists,31,18,SebastianKrisRaiders,Sebastian,Kris,Raiders,24,16,0.666666667,https://www.nrl.com/stats/players/?competition=111&season=2025&stat=31
2025,Line Break Assists,31,19,BraydonTrindallSharks,Braydon,Trindall,Sharks,26,16,0.615384615,https://www.nrl.com/stats/players/?competition=111&season=2025&stat=31
2025,Line Break Assists,31,20,JamalFogartyRaiders,Jamal,Fogarty,Raiders,24,15,0.625,https://www.nrl.com/stats/players/?competition=111&season=2025&stat=31
2025,Line Break Assists,31,21,MosesSuliDragons,Moses,Suli,Dragons,20,15,0.75,https://www.nrl.com/stats/players/?competition=111&season=2025&stat=31
2025,Line Break Assists,31,22,ChanelHarris-TavitaWarriors,Chanel,Tavita,Warriors,24,15,0.625,https://www.nrl.com/stats/players/?competition=111&season=2025&stat=31
2025,Line Break Assists,31,23,StephenCrichtonBulldogs,Stephen,Crichton,Bulldogs,21,14,0.666666667,https://www.nrl.com/stats/players/?competition=111&season=2025&stat=31
2025,Line Break Assists,31,24,WilliamKennedySharks,William,Kennedy,Sharks,27,14,0.518518519,https://www.nrl.com/stats/players/?competition=111&season=2025&stat=31
2025,Line Break Assists,31,25,KieranForanTitans,Kieran,Foran,Titans,15,13,0.866666667,https://www.nrl.com/stats/players/?competition=111&season=2025&stat=31
2025,Line Break Assists,31,26,LehiHopoateSea Eagles,Lehi,Hopoate,Sea Eagles,22,13,0.590909091,https://www.nrl.com/stats/players/?competition=111&season=2025&stat=31
2025,Line Break Assists,31,27,AdamReynoldsBroncos,Adam,Reynolds,Broncos,22,13,0.590909091,https://www.nrl.com/stats/players/?competition=111&season=2025&stat=31
2025,Line Break Assists,31,28,JahromeHughesStorm,Jahrome,Hughes,Storm,20,13,0.65,https://www.nrl.com/stats/players/?competition=111&season=2025&stat=31
2025,Line Break Assists,31,29,RobertToiaRoosters,Robert,Toia,Roosters,22,12,0.545454545,https://www.nrl.com/stats/players/?competition=111&season=2025&stat=31
2025,Line Break Assists,31,30,BronsonXerriBulldogs,Bronson,Xerri,Bulldogs,24,12,0.5,https://www.nrl.com/stats/players/?competition=111&season=2025&stat=31
2025,Line Break Assists,31,31,BradmanBestKnights,Bradman,Best,Knights,18,12,0.666666667,https://www.nrl.com/stats/players/?competition=111&season=2025&stat=31
2025,Line Break Assists,31,32,JaxonPurdueCowboys,Jaxon,Purdue,Cowboys,24,12,0.5,https://www.nrl.com/stats/players/?competition=111&season=2025&stat=31
2025,Line Break Assists,31,33,EzraMamBroncos,Ezra,Mam,Broncos,12,12,1,https://www.nrl.com/stats/players/?competition=111&season=2025&stat=31
2025,Line Break Assists,31,34,DylanEdwardsPanthers,Dylan,Edwards,Panthers,20,12,0.6,https://www.nrl.com/stats/players/?competition=111&season=2025&stat=31
2025,Line Break Assists,31,35,HarryGrantStorm,Harry,Grant,Storm,19,12,0.631578947,https://www.nrl.com/stats/players/?competition=111&season=2025&stat=31
2025,Line Break Assists,31,36,SeanRussellEels,Sean,Russell,Eels,20,12,0.6,https://www.nrl.com/stats/players/?competition=111&season=2025&stat=31
2025,Line Break Assists,31,37,HerbieFarnworthDolphins,Herbie,Farnworth,Dolphins,19,12,0.631578947,https://www.nrl.com/stats/players/?competition=111&season=2025&stat=31
2025,Line Break Assists,31,38,CameronMunsterStorm,Cameron,Munster,Storm,24,11,0.458333333,https://www.nrl.com/stats/players/?competition=111&season=2025&stat=31
2025,Line Break Assists,31,39,BrianKellyTitans,Brian,Kelly,Titans,21,11,0.523809524,https://www.nrl.com/stats/players/?competition=111&season=2025&stat=31
2025,Line Break Assists,31,40,KyleFlanaganDragons,Kyle,Flanagan,Dragons,24,11,0.458333333,https://www.nrl.com/stats/players/?competition=111&season=2025&stat=31
2025,Line Break Assists,31,41,KalynPongaKnights,Kalyn,Ponga,Knights,13,11,0.846153846,https://www.nrl.com/stats/players/?competition=111&season=2025&stat=31
2025,Line Break Assists,31,42,RyanPapenhuyzenStorm,Ryan,Papenhuyzen,Storm,21,11,0.523809524,https://www.nrl.com/stats/players/?competition=111&season=2025&stat=31
2025,Line Break Assists,31,43,BlaykeBraileySharks,Blayke,Brailey,Sharks,27,11,0.407407407,https://www.nrl.com/stats/players/?competition=111&season=2025&stat=31
2025,Line Break Assists,31,44,MarkNawaqanitawaseRoosters,Mark,Nawaqanitawase,Roosters,23,10,0.434782609,https://www.nrl.com/stats/players/?competition=111&season=2025&stat=31
2025,Line Break Assists,31,45,LatrellMitchellRabbitohs,Latrell,Mitchell,Rabbitohs,11,10,0.909090909,https://www.nrl.com/stats/players/?competition=111&season=2025&stat=31
2025,Line Break Assists,31,46,BenHuntBroncos,Ben,Hunt,Broncos,21,10,0.476190476,https://www.nrl.com/stats/players/?competition=111&season=2025&stat=31
2025,Line Break Assists,31,47,StarfordTo'aWests Tigers,Starford,Wests,Tigers,19,10,0.526315789,https://www.nrl.com/stats/players/?competition=111&season=2025&stat=31
2025,Line Break Assists,31,48,JaromeLuaiWests Tigers,Jarome,Wests,Tigers,21,10,0.476190476,https://www.nrl.com/stats/players/?competition=111&season=2025&stat=31
2025,Line Break Assists,31,49,BlaizeTalagiPanthers,Blaize,Talagi,Panthers,22,9,0.409090909,https://www.nrl.com/stats/players/?competition=111&season=2025&stat=31
2025,Line Break Assists,31,50,KaeoWeekesRaiders,Kaeo,Weekes,Raiders,25,9,0.36,https://www.nrl.com/stats/players/?competition=111&season=2025&stat=30
2025,Linebreaks,30,1,KotoniStaggsBroncos,Kotoni,Staggs,Broncos,24,26,1.083333333,https://www.nrl.com/stats/players/?competition=111&season=2025&stat=30
2025,Linebreaks,30,2,JoshAddo-CarrEels,Josh,Carr,Eels,22,26,1.181818182,https://www.nrl.com/stats/players/?competition=111&season=2025&stat=30
2025,Linebreaks,30,3,GehamatShibasakiBroncos,Gehamat,Shibasaki,Broncos,25,24,0.96,https://www.nrl.com/stats/players/?competition=111&season=2025&stat=30
2025,Linebreaks,30,4,MarkNawaqanitawaseRoosters,Mark,Nawaqanitawase,Roosters,23,23,1,https://www.nrl.com/stats/players/?competition=111&season=2025&stat=30
2025,Linebreaks,30,5,RonaldoMulitaloSharks,Ronaldo,Mulitalo,Sharks,26,23,0.884615385,https://www.nrl.com/stats/players/?competition=111&season=2025&stat=30
2025,Linebreaks,30,6,PaulAlamotiPanthers,Paul,Alamoti,Panthers,19,22,1.157894737,https://www.nrl.com/stats/players/?competition=111&season=2025&stat=30
2025,Linebreaks,30,7,TyrellSloanDragons,Tyrell,Sloan,Dragons,20,22,1.1,https://www.nrl.com/stats/players/?competition=111&season=2025&stat=30
2025,Linebreaks,30,8,DanielTupouRoosters,Daniel,Tupou,Roosters,24,21,0.875,https://www.nrl.com/stats/players/?competition=111&season=2025&stat=30
2025,Linebreaks,30,9,JamesTedescoRoosters,James,Tedesco,Roosters,25,21,0.84,https://www.nrl.com/stats/players/?competition=111&season=2025&stat=30
2025,Linebreaks,30,10,JamesSchillerKnights,James,Schiller,Knights,17,21,1.235294118,https://www.nrl.com/stats/players/?competition=111&season=2025&stat=30
2025,Linebreaks,30,11,ThomasJenkinsPanthers,Thomas,Jenkins,Panthers,21,20,0.952380952,https://www.nrl.com/stats/players/?competition=111&season=2025&stat=30
2025,Linebreaks,30,12,MurrayTaulagiCowboys,Murray,Taulagi,Cowboys,15,19,1.266666667,https://www.nrl.com/stats/players/?competition=111&season=2025&stat=30
2025,Linebreaks,30,13,JasonSaabSea Eagles,Jason,Saab,Sea Eagles,20,19,0.95,https://www.nrl.com/stats/players/?competition=111&season=2025&stat=30
2025,Linebreaks,30,14,TolutauKoulaSea Eagles,Tolutau,Koula,Sea Eagles,22,18,0.818181818,https://www.nrl.com/stats/players/?competition=111&season=2025&stat=30
2025,Linebreaks,30,15,AlexJohnstonRabbitohs,Alex,Johnston,Rabbitohs,16,18,1.125,https://www.nrl.com/stats/players/?competition=111&season=2025&stat=30
2025,Linebreaks,30,16,ClintonGuthersonDragons,Clinton,Gutherson,Dragons,24,18,0.75,https://www.nrl.com/stats/players/?competition=111&season=2025&stat=30
2025,Linebreaks,30,17,EthanStrangeRaiders,Ethan,Strange,Raiders,24,17,0.708333333,https://www.nrl.com/stats/players/?competition=111&season=2025&stat=30
2025,Linebreaks,30,18,JakeAverilloDolphins,Jake,Averillo,Dolphins,24,17,0.708333333,https://www.nrl.com/stats/players/?competition=111&season=2025&stat=30
2025,Linebreaks,30,19,GrantAndersonStorm,Grant,Anderson,Storm,24,17,0.708333333,https://www.nrl.com/stats/players/?competition=111&season=2025&stat=30
2025,Linebreaks,30,20,HerbieFarnworthDolphins,Herbie,Farnworth,Dolphins,19,17,0.894736842,https://www.nrl.com/stats/players/?competition=111&season=2025&stat=30
2025,Linebreaks,30,21,JesseArtharsBroncos,Jesse,Arthars,Broncos,18,16,0.888888889,https://www.nrl.com/stats/players/?competition=111&season=2025&stat=30
2025,Linebreaks,30,22,JaxonPurdueCowboys,Jaxon,Purdue,Cowboys,24,16,0.666666667,https://www.nrl.com/stats/players/?competition=111&season=2025&stat=30
2025,Linebreaks,30,23,SavelioTamaleRaiders,Savelio,Tamale,Raiders,18,16,0.888888889,https://www.nrl.com/stats/players/?competition=111&season=2025&stat=30
2025,Linebreaks,30,24,BronsonXerriBulldogs,Bronson,Xerri,Bulldogs,24,16,0.666666667,https://www.nrl.com/stats/players/?competition=111&season=2025&stat=30
2025,Linebreaks,30,25,ScottDrinkwaterCowboys,Scott,Drinkwater,Cowboys,24,16,0.666666667,https://www.nrl.com/stats/players/?competition=111&season=2025&stat=30
2025,Linebreaks,30,26,KaeoWeekesRaiders,Kaeo,Weekes,Raiders,25,16,0.64,https://www.nrl.com/stats/players/?competition=111&season=2025&stat=30
2025,Linebreaks,30,27,CaseyMcLeanPanthers,Casey,Lean,Panthers,23,16,0.695652174,https://www.nrl.com/stats/players/?competition=111&season=2025&stat=30
2025,Linebreaks,30,28,MatthewTimokoRaiders,Matthew,Timoko,Raiders,25,15,0.6,https://www.nrl.com/stats/players/?competition=111&season=2025&stat=30
2025,Linebreaks,30,29,XavierCoatesStorm,Xavier,Coates,Storm,22,15,0.681818182,https://www.nrl.com/stats/players/?competition=111&season=2025&stat=30
2025,Linebreaks,30,30,MarceloMontoyaBulldogs,Marcelo,Montoya,Bulldogs,18,15,0.833333333,https://www.nrl.com/stats/players/?competition=111&season=2025&stat=30
2025,Linebreaks,30,31,RogerTuivasa-SheckWarriors,Roger,Sheck,Warriors,19,15,0.789473684,https://www.nrl.com/stats/players/?competition=111&season=2025&stat=30
2025,Linebreaks,30,32,JamayneIsaakoDolphins,Jamayne,Isaako,Dolphins,24,14,0.583333333,https://www.nrl.com/stats/players/?competition=111&season=2025&stat=30
2025,Linebreaks,30,33,JosiahKarapaniBroncos,Josiah,Karapani,Broncos,13,14,1.076923077,https://www.nrl.com/stats/players/?competition=111&season=2025&stat=30
2025,Linebreaks,30,34,LehiHopoateSea Eagles,Lehi,Hopoate,Sea Eagles,22,14,0.636363636,https://www.nrl.com/stats/players/?competition=111&season=2025&stat=30
2025,Linebreaks,30,35,StephenCrichtonBulldogs,Stephen,Crichton,Bulldogs,21,14,0.666666667,https://www.nrl.com/stats/players/?competition=111&season=2025&stat=30
2025,Linebreaks,30,36,JacobKirazBulldogs,Jacob,Kiraz,Bulldogs,19,14,0.736842105,https://www.nrl.com/stats/players/?competition=111&season=2025&stat=30
2025,Linebreaks,30,37,DeineMarinerBroncos,Deine,Mariner,Broncos,19,14,0.736842105,https://www.nrl.com/stats/players/?competition=111&season=2025&stat=30
2025,Linebreaks,30,38,KLIroSharks,KLIro,KLIro,Sharks,14,13,0.928571429,https://www.nrl.com/stats/players/?competition=111&season=2025&stat=30
2025,Linebreaks,30,39,AJBrimsonTitans,AJBrimson,AJBrimson,Titans,23,13,0.565217391,https://www.nrl.com/stats/players/?competition=111&season=2025&stat=30
2025,Linebreaks,30,40,RobertDerbyCowboys,Robert,Derby,Cowboys,17,13,0.764705882,https://www.nrl.com/stats/players/?competition=111&season=2025&stat=30
2025,Linebreaks,30,41,BrianTo'oPanthers,Brian,To'o,Panthers,16,13,0.8125,https://www.nrl.com/stats/players/?competition=111&season=2025&stat=30
2025,Linebreaks,30,42,ConnellyLemueluDolphins,Connelly,Lemuelu,Dolphins,20,13,0.65,https://www.nrl.com/stats/players/?competition=111&season=2025&stat=30
2025,Linebreaks,30,43,TevitaNaufahuDolphins,Tevita,Naufahu,Dolphins,7,12,1.714285714,https://www.nrl.com/stats/players/?competition=111&season=2025&stat=30
2025,Linebreaks,30,44,GregMarzhewKnights,Greg,Marzhew,Knights,18,12,0.666666667,https://www.nrl.com/stats/players/?competition=111&season=2025&stat=30
2025,Linebreaks,30,45,ReubenGarrickSea Eagles,Reuben,Garrick,Sea Eagles,21,12,0.571428571,https://www.nrl.com/stats/players/?competition=111&season=2025&stat=30
2025,Linebreaks,30,46,TallisDuncanRabbitohs,Tallis,Duncan,Rabbitohs,24,12,0.5,https://www.nrl.com/stats/players/?competition=111&season=2025&stat=30
2025,Linebreaks,30,47,BradmanBestKnights,Bradman,Best,Knights,18,12,0.666666667,https://www.nrl.com/stats/players/?competition=111&season=2025&stat=30
2025,Linebreaks,30,48,RyanPapenhuyzenStorm,Ryan,Papenhuyzen,Storm,21,12,0.571428571,https://www.nrl.com/stats/players/?competition=111&season=2025&stat=30
2025,Linebreaks,30,49,ChristianTuipulotuDragons,Christian,Tuipulotu,Dragons,9,12,1.333333333,https://www.nrl.com/stats/players/?competition=111&season=2025&stat=30
2025,Linebreaks,30,50,SuniaTuruvaWests Tigers,Sunia,Wests,Tigers,24,12,0.5,https://www.nrl.com/stats/players/?competition=111&season=2025&stat=4
2025,Missed Tackles,4,1,KurtCapewellWarriors,Kurt,Capewell,Warriors,22,109,4.954545455,https://www.nrl.com/stats/players/?competition=111&season=2025&stat=4
2025,Missed Tackles,4,2,BlaizeTalagiPanthers,Blaize,Talagi,Panthers,22,107,4.863636364,https://www.nrl.com/stats/players/?competition=111&season=2025&stat=4
2025,Missed Tackles,4,3,ApisaiKoroisauWests Tigers,Apisai,Wests,Tigers,22,100,4.545454545,https://www.nrl.com/stats/players/?competition=111&season=2025&stat=4
2025,Missed Tackles,4,4,LukeBrooksSea Eagles,Luke,Brooks,Sea Eagles,24,91,3.791666667,https://www.nrl.com/stats/players/?competition=111&season=2025&stat=4
2025,Missed Tackles,4,5,CameronMunsterStorm,Cameron,Munster,Storm,24,89,3.708333333,https://www.nrl.com/stats/players/?competition=111&season=2025&stat=4
2025,Missed Tackles,4,6,TomStarlingRaiders,Tom,Starling,Raiders,24,88,3.666666667,https://www.nrl.com/stats/players/?competition=111&season=2025&stat=4
2025,Missed Tackles,4,7,DaneGagaiKnights,Dane,Gagai,Knights,24,86,3.583333333,https://www.nrl.com/stats/players/?competition=111&season=2025&stat=4
2025,Missed Tackles,4,8,ReedMahoneyBulldogs,Reed,Mahoney,Bulldogs,25,82,3.28,https://www.nrl.com/stats/players/?competition=111&season=2025&stat=4
2025,Missed Tackles,4,9,LiamMartinPanthers,Liam,Martin,Panthers,21,82,3.904761905,https://www.nrl.com/stats/players/?competition=111&season=2025&stat=4
2025,Missed Tackles,4,10,BaileyHaywardBulldogs,Bailey,Hayward,Bulldogs,26,82,3.153846154,https://www.nrl.com/stats/players/?competition=111&season=2025&stat=4
2025,Missed Tackles,4,11,MitchKennyPanthers,Mitch,Kenny,Panthers,22,82,3.727272727,https://www.nrl.com/stats/players/?competition=111&season=2025&stat=4
2025,Missed Tackles,4,12,HarryHayesBulldogs,Harry,Hayes,Bulldogs,23,77,3.347826087,https://www.nrl.com/stats/players/?competition=111&season=2025&stat=4
2025,Missed Tackles,4,13,EliesaKatoaStorm,Eliesa,Katoa,Storm,26,75,2.884615385,https://www.nrl.com/stats/players/?competition=111&season=2025&stat=4
2025,Missed Tackles,4,14,IsaiyaKatoaDolphins,Isaiya,Katoa,Dolphins,24,74,3.083333333,https://www.nrl.com/stats/players/?competition=111&season=2025&stat=4
2025,Missed Tackles,4,15,JackCoggerKnights,Jack,Cogger,Knights,21,73,3.476190476,https://www.nrl.com/stats/players/?competition=111&season=2025&stat=4
2025,Missed Tackles,4,16,TeigWiltonSharks,Teig,Wilton,Sharks,21,71,3.380952381,https://www.nrl.com/stats/players/?competition=111&season=2025&stat=4
2025,Missed Tackles,4,17,JordanRikiBroncos,Jordan,Riki,Broncos,24,71,2.958333333,https://www.nrl.com/stats/players/?competition=111&season=2025&stat=4
2025,Missed Tackles,4,18,JamalFogartyRaiders,Jamal,Fogarty,Raiders,24,71,2.958333333,https://www.nrl.com/stats/players/?competition=111&season=2025&stat=4
2025,Missed Tackles,4,19,SamuelaFainuWests Tigers,Samuela,Wests,Tigers,21,71,3.380952381,https://www.nrl.com/stats/players/?competition=111&season=2025&stat=4
2025,Missed Tackles,4,20,TomDeardenCowboys,Tom,Dearden,Cowboys,22,70,3.181818182,https://www.nrl.com/stats/players/?competition=111&season=2025&stat=4
2025,Missed Tackles,4,21,HudsonYoungRaiders,Hudson,Young,Raiders,22,70,3.181818182,https://www.nrl.com/stats/players/?competition=111&season=2025&stat=4
2025,Missed Tackles,4,22,BrianKellyTitans,Brian,Kelly,Titans,21,69,3.285714286,https://www.nrl.com/stats/players/?competition=111&season=2025&stat=4
2025,Missed Tackles,4,23,BenHuntBroncos,Ben,Hunt,Broncos,21,69,3.285714286,https://www.nrl.com/stats/players/?competition=111&season=2025&stat=4
2025,Missed Tackles,4,24,JohnBatemanCowboys,John,Bateman,Cowboys,19,69,3.631578947,https://www.nrl.com/stats/players/?competition=111&season=2025&stat=4
2025,Missed Tackles,4,25,HarryGrantStorm,Harry,Grant,Storm,19,68,3.578947368,https://www.nrl.com/stats/players/?competition=111&season=2025&stat=4
2025,Missed Tackles,4,26,RayStoneDolphins,Ray,Stone,Dolphins,22,68,3.090909091,https://www.nrl.com/stats/players/?competition=111&season=2025&stat=4
2025,Missed Tackles,4,27,ViliameKikauBulldogs,Viliame,Kikau,Bulldogs,22,67,3.045454545,https://www.nrl.com/stats/players/?competition=111&season=2025&stat=4
2025,Missed Tackles,4,28,JeremiahNanaiCowboys,Jeremiah,Nanai,Cowboys,21,67,3.19047619,https://www.nrl.com/stats/players/?competition=111&season=2025&stat=4
2025,Missed Tackles,4,29,JaemanSalmonBulldogs,Jaeman,Salmon,Bulldogs,20,67,3.35,https://www.nrl.com/stats/players/?competition=111&season=2025&stat=4
2025,Missed Tackles,4,30,BlaykeBraileySharks,Blayke,Brailey,Sharks,27,67,2.481481481,https://www.nrl.com/stats/players/?competition=111&season=2025&stat=4
2025,Missed Tackles,4,31,BritonNikoraSharks,Briton,Nikora,Sharks,23,67,2.913043478,https://www.nrl.com/stats/players/?competition=111&season=2025&stat=4
2025,Missed Tackles,4,32,KotoniStaggsBroncos,Kotoni,Staggs,Broncos,24,66,2.75,https://www.nrl.com/stats/players/?competition=111&season=2025&stat=4
2025,Missed Tackles,4,33,MatthewTimokoRaiders,Matthew,Timoko,Raiders,25,66,2.64,https://www.nrl.com/stats/players/?competition=111&season=2025&stat=4
2025,Missed Tackles,4,34,TallisDuncanRabbitohs,Tallis,Duncan,Rabbitohs,24,66,2.75,https://www.nrl.com/stats/players/?competition=111&season=2025&stat=4
2025,Missed Tackles,4,35,BraydonTrindallSharks,Braydon,Trindall,Sharks,26,64,2.461538462,https://www.nrl.com/stats/players/?competition=111&season=2025&stat=4
2025,Missed Tackles,4,36,JoshCurranBulldogs,Josh,Curran,Bulldogs,21,63,3,https://www.nrl.com/stats/players/?competition=111&season=2025&stat=4
2025,Missed Tackles,4,37,BillyWaltersBroncos,Billy,Walters,Broncos,25,63,2.52,https://www.nrl.com/stats/players/?competition=111&season=2025&stat=4
2025,Missed Tackles,4,38,MarataNiukoreWarriors,Marata,Niukore,Warriors,25,63,2.52,https://www.nrl.com/stats/players/?competition=111&season=2025&stat=4
2025,Missed Tackles,4,39,JaydenCampbellTitans,Jayden,Campbell,Titans,20,62,3.1,https://www.nrl.com/stats/players/?competition=111&season=2025&stat=4
2025,Missed Tackles,4,40,WaydeEganWarriors,Wayde,Egan,Warriors,21,62,2.952380952,https://www.nrl.com/stats/players/?competition=111&season=2025&stat=4
2025,Missed Tackles,4,41,LachlanHubnerRabbitohs,Lachlan,Hubner,Rabbitohs,20,62,3.1,https://www.nrl.com/stats/players/?competition=111&season=2025&stat=4
2025,Missed Tackles,4,42,NathanClearyPanthers,Nathan,Cleary,Panthers,22,62,2.818181818,https://www.nrl.com/stats/players/?competition=111&season=2025&stat=4
2025,Missed Tackles,4,43,KulikefuFinefeuiakiDolphins,Kulikefu,Finefeuiaki,Dolphins,20,62,3.1,https://www.nrl.com/stats/players/?competition=111&season=2025&stat=4
2025,Missed Tackles,4,44,JaiArrowRabbitohs,Jai,Arrow,Rabbitohs,24,61,2.541666667,https://www.nrl.com/stats/players/?competition=111&season=2025&stat=4
2025,Missed Tackles,4,45,FonuaPoleWests Tigers,Fonua,Wests,Tigers,21,61,2.904761905,https://www.nrl.com/stats/players/?competition=111&season=2025&stat=4
2025,Missed Tackles,4,46,KurtDonoghoeDolphins,Kurt,Donoghoe,Dolphins,22,61,2.772727273,https://www.nrl.com/stats/players/?competition=111&season=2025&stat=4
2025,Missed Tackles,4,47,NicholasHynesSharks,Nicholas,Hynes,Sharks,27,61,2.259259259,https://www.nrl.com/stats/players/?competition=111&season=2025&stat=4
2025,Missed Tackles,4,48,ChanelHarris-TavitaWarriors,Chanel,Tavita,Warriors,24,61,2.541666667,https://www.nrl.com/stats/players/?competition=111&season=2025&stat=4
2025,Missed Tackles,4,49,SeanKeppieRabbitohs,Sean,Keppie,Rabbitohs,21,60,2.857142857,https://www.nrl.com/stats/players/?competition=111&season=2025&stat=4
2025,Missed Tackles,4,50,EthanStrangeRaiders,Ethan,Strange,Raiders,24,60,2.5,https://www.nrl.com/stats/players/?competition=111&season=2025&stat=28
2025,Offloads,28,1,JacobKirazBulldogs,Jacob,Kiraz,Bulldogs,19,70,3.684210526,https://www.nrl.com/stats/players/?competition=111&season=2025&stat=28
2025,Offloads,28,2,PayneHaasBroncos,Payne,Haas,Broncos,24,70,2.916666667,https://www.nrl.com/stats/players/?competition=111&season=2025&stat=28
2025,Offloads,28,3,TerrellMayWests Tigers,Terrell,Wests,Tigers,24,66,2.75,https://www.nrl.com/stats/players/?competition=111&season=2025&stat=28
2025,Offloads,28,4,ViliameKikauBulldogs,Viliame,Kikau,Bulldogs,22,61,2.772727273,https://www.nrl.com/stats/players/?competition=111&season=2025&stat=28
2025,Offloads,28,5,HerbieFarnworthDolphins,Herbie,Farnworth,Dolphins,19,50,2.631578947,https://www.nrl.com/stats/players/?competition=111&season=2025&stat=28
2025,Offloads,28,6,JosephTapineRaiders,Joseph,Tapine,Raiders,23,44,1.913043478,https://www.nrl.com/stats/players/?competition=111&season=2025&stat=28
2025,Offloads,28,7,EliesaKatoaStorm,Eliesa,Katoa,Storm,26,44,1.692307692,https://www.nrl.com/stats/players/?competition=111&season=2025&stat=28
2025,Offloads,28,8,ZacLomaxEels,Zac,Lomax,Eels,19,42,2.210526316,https://www.nrl.com/stats/players/?competition=111&season=2025&stat=28
2025,Offloads,28,9,JuniorPauloEels,Junior,Paulo,Eels,24,41,1.708333333,https://www.nrl.com/stats/players/?competition=111&season=2025&stat=28
2025,Offloads,28,10,HudsonYoungRaiders,Hudson,Young,Raiders,22,40,1.818181818,https://www.nrl.com/stats/players/?competition=111&season=2025&stat=28
2025,Offloads,28,11,BrianKellyTitans,Brian,Kelly,Titans,21,38,1.80952381,https://www.nrl.com/stats/players/?competition=111&season=2025&stat=28
2025,Offloads,28,12,JaromeLuaiWests Tigers,Jarome,Wests,Tigers,21,37,1.761904762,https://www.nrl.com/stats/players/?competition=111&season=2025&stat=28
2025,Offloads,28,13,MarkNawaqanitawaseRoosters,Mark,Nawaqanitawase,Roosters,23,37,1.608695652,https://www.nrl.com/stats/players/?competition=111&season=2025&stat=28
2025,Offloads,28,14,ErinClarkWarriors,Erin,Clark,Warriors,25,37,1.48,https://www.nrl.com/stats/players/?competition=111&season=2025&stat=28
2025,Offloads,28,15,AngusCrichtonRoosters,Angus,Crichton,Roosters,21,36,1.714285714,https://www.nrl.com/stats/players/?competition=111&season=2025&stat=28
2025,Offloads,28,16,JaydnSu'ADragons,Jaydn,SuA,Dragons,18,35,1.944444444,https://www.nrl.com/stats/players/?competition=111&season=2025&stat=28
2025,Offloads,28,17,CoreyHorsburghRaiders,Corey,Horsburgh,Raiders,25,35,1.4,https://www.nrl.com/stats/players/?competition=111&season=2025&stat=28
2025,Offloads,28,18,ClintonGuthersonDragons,Clinton,Gutherson,Dragons,24,32,1.333333333,https://www.nrl.com/stats/players/?competition=111&season=2025&stat=28
2025,Offloads,28,19,StefanoUtoikamanuStorm,Stefano,Utoikamanu,Storm,25,31,1.24,https://www.nrl.com/stats/players/?competition=111&season=2025&stat=28
2025,Offloads,28,20,OregonKaufusiSharks,Oregon,Kaufusi,Sharks,22,31,1.409090909,https://www.nrl.com/stats/players/?competition=111&season=2025&stat=28
2025,Offloads,28,21,GregMarzhewKnights,Greg,Marzhew,Knights,18,30,1.666666667,https://www.nrl.com/stats/players/?competition=111&season=2025&stat=28
2025,Offloads,28,22,ShawnBloreStorm,Shawn,Blore,Storm,24,30,1.25,https://www.nrl.com/stats/players/?competition=111&season=2025&stat=28
2025,Offloads,28,23,PatrickCarriganBroncos,Patrick,Carrigan,Broncos,25,30,1.2,https://www.nrl.com/stats/players/?competition=111&season=2025&stat=28
2025,Offloads,28,24,TinoFa'asuamaleauiTitans,Tino,Fa'asuamaleaui,Titans,19,30,1.578947368,https://www.nrl.com/stats/players/?competition=111&season=2025&stat=28
2025,Offloads,28,25,KaiPearce-PaulKnights,Kai,Paul,Knights,22,29,1.318181818,https://www.nrl.com/stats/players/?competition=111&season=2025&stat=28
2025,Offloads,28,26,JesseRamienSharks,Jesse,Ramien,Sharks,24,29,1.208333333,https://www.nrl.com/stats/players/?competition=111&season=2025&stat=28
2025,Offloads,28,27,JamesTedescoRoosters,James,Tedesco,Roosters,25,28,1.12,https://www.nrl.com/stats/players/?competition=111&season=2025&stat=28
2025,Offloads,28,28,JoshKerrDolphins,Josh,Kerr,Dolphins,21,27,1.285714286,https://www.nrl.com/stats/players/?competition=111&season=2025&stat=28
2025,Offloads,28,29,BradmanBestKnights,Bradman,Best,Knights,18,26,1.444444444,https://www.nrl.com/stats/players/?competition=111&season=2025&stat=28
2025,Offloads,28,30,AtaMariotaRaiders,Ata,Mariota,Raiders,26,26,1,https://www.nrl.com/stats/players/?competition=111&season=2025&stat=28
2025,Offloads,28,31,LucianoLeiluaDragons,Luciano,Leilua,Dragons,23,25,1.086956522,https://www.nrl.com/stats/players/?competition=111&season=2025&stat=28
2025,Offloads,28,32,ConnorTraceyBulldogs,Connor,Tracey,Bulldogs,24,25,1.041666667,https://www.nrl.com/stats/players/?competition=111&season=2025&stat=28
2025,Offloads,28,33,TysonFrizellKnights,Tyson,Frizell,Knights,23,24,1.043478261,https://www.nrl.com/stats/players/?competition=111&season=2025&stat=28
2025,Offloads,28,34,LindsaySmithPanthers,Lindsay,Smith,Panthers,26,24,0.923076923,https://www.nrl.com/stats/players/?competition=111&season=2025&stat=28
2025,Offloads,28,35,ScottDrinkwaterCowboys,Scott,Drinkwater,Cowboys,24,24,1,https://www.nrl.com/stats/players/?competition=111&season=2025&stat=28
2025,Offloads,28,36,IsaiahPapali'iPanthers,Isaiah,Papali'i,Panthers,23,24,1.043478261,https://www.nrl.com/stats/players/?competition=111&season=2025&stat=28
2025,Offloads,28,37,PhillipSamiTitans,Phillip,Sami,Titans,21,23,1.095238095,https://www.nrl.com/stats/players/?competition=111&season=2025&stat=28
2025,Offloads,28,38,TrentLoieroStorm,Trent,Loiero,Storm,25,23,0.92,https://www.nrl.com/stats/players/?competition=111&season=2025&stat=28
2025,Offloads,28,39,KleseHaasTitans,Klese,Haas,Titans,21,22,1.047619048,https://www.nrl.com/stats/players/?competition=111&season=2025&stat=28
2025,Offloads,28,40,IzackTagoPanthers,Izack,Tago,Panthers,25,22,0.88,https://www.nrl.com/stats/players/?competition=111&season=2025&stat=28
2025,Offloads,28,41,JohnBatemanCowboys,John,Bateman,Cowboys,19,22,1.157894737,https://www.nrl.com/stats/players/?competition=111&season=2025&stat=28
2025,Offloads,28,42,CameronMunsterStorm,Cameron,Munster,Storm,24,22,0.916666667,https://www.nrl.com/stats/players/?competition=111&season=2025&stat=28
2025,Offloads,28,43,AlexTwalWests Tigers,Alex,Wests,Tigers,23,22,0.956521739,https://www.nrl.com/stats/players/?competition=111&season=2025&stat=28
2025,Offloads,28,44,DemitricVaimaugaWarriors,Demitric,Vaimauga,Warriors,24,22,0.916666667,https://www.nrl.com/stats/players/?competition=111&season=2025&stat=28
2025,Offloads,28,45,DanielTupouRoosters,Daniel,Tupou,Roosters,24,21,0.875,https://www.nrl.com/stats/players/?competition=111&season=2025&stat=28
2025,Offloads,28,46,CampbellGrahamRabbitohs,Campbell,Graham,Rabbitohs,11,21,1.909090909,https://www.nrl.com/stats/players/?competition=111&season=2025&stat=28
2025,Offloads,28,47,ReeceWalshBroncos,Reece,Walsh,Broncos,21,21,1,https://www.nrl.com/stats/players/?competition=111&season=2025&stat=28
2025,Offloads,28,48,RonaldoMulitaloSharks,Ronaldo,Mulitalo,Sharks,26,21,0.807692308,https://www.nrl.com/stats/players/?competition=111&season=2025&stat=28
2025,Offloads,28,49,DalyCherry-EvansSea Eagles,Daly,Evans,Sea Eagles,23,20,0.869565217,https://www.nrl.com/stats/players/?competition=111&season=2025&stat=28
2025,Offloads,28,50,DaneGagaiKnights,Dane,Gagai,Knights,24,20,0.833333333,https://www.nrl.com/stats/players/?competition=111&season=2025&stat=1000112
2025,PCMs,1000112,1,AddinFonua-BlakeSharks,Addin,Blake,Sharks,27,"1,931",71.51851852,https://www.nrl.com/stats/players/?competition=111&season=2025&stat=1000112
2025,PCMs,1000112,2,PayneHaasBroncos,Payne,Haas,Broncos,24,"1,614",67.25,https://www.nrl.com/stats/players/?competition=111&season=2025&stat=1000112
2025,PCMs,1000112,3,NaufahuWhyteRoosters,Naufahu,Whyte,Roosters,23,"1,520",66.08695652,https://www.nrl.com/stats/players/?competition=111&season=2025&stat=1000112
2025,PCMs,1000112,4,EliesaKatoaStorm,Eliesa,Katoa,Storm,26,"1,514",58.23076923,https://www.nrl.com/stats/players/?competition=111&season=2025&stat=1000112
2025,PCMs,1000112,5,DanielTupouRoosters,Daniel,Tupou,Roosters,24,"1,458",60.75,https://www.nrl.com/stats/players/?competition=111&season=2025&stat=1000112
2025,PCMs,1000112,6,ErinClarkWarriors,Erin,Clark,Warriors,25,"1,451",58.04,https://www.nrl.com/stats/players/?competition=111&season=2025&stat=1000112
2025,PCMs,1000112,7,PhillipSamiTitans,Phillip,Sami,Titans,21,"1,387",66.04761905,https://www.nrl.com/stats/players/?competition=111&season=2025&stat=1000112
2025,PCMs,1000112,8,RogerTuivasa-SheckWarriors,Roger,Sheck,Warriors,19,"1,381",72.68421053,https://www.nrl.com/stats/players/?competition=111&season=2025&stat=1000112
2025,PCMs,1000112,9,ZacLomaxEels,Zac,Lomax,Eels,19,"1,358",71.47368421,https://www.nrl.com/stats/players/?competition=111&season=2025&stat=1000112
2025,PCMs,1000112,10,JosephTapineRaiders,Joseph,Tapine,Raiders,23,"1,332",57.91304348,https://www.nrl.com/stats/players/?competition=111&season=2025&stat=1000112
2025,PCMs,1000112,11,TerrellMayWests Tigers,Terrell,Wests,Tigers,24,"1,328",55.33333333,https://www.nrl.com/stats/players/?competition=111&season=2025&stat=1000112
2025,PCMs,1000112,12,MatthewTimokoRaiders,Matthew,Timoko,Raiders,25,"1,328",53.12,https://www.nrl.com/stats/players/?competition=111&season=2025&stat=1000112
2025,PCMs,1000112,13,CharnzeNicoll-KlokstadWarriors,Charnze,Klokstad,Warriors,22,"1,302",59.18181818,https://www.nrl.com/stats/players/?competition=111&season=2025&stat=1000112
2025,PCMs,1000112,14,GehamatShibasakiBroncos,Gehamat,Shibasaki,Broncos,25,"1,301",52.04,https://www.nrl.com/stats/players/?competition=111&season=2025&stat=1000112
2025,PCMs,1000112,15,PatrickCarriganBroncos,Patrick,Carrigan,Broncos,25,"1,300",52,https://www.nrl.com/stats/players/?competition=111&season=2025&stat=1000112
2025,PCMs,1000112,16,CoreyHorsburghRaiders,Corey,Horsburgh,Raiders,25,"1,292",51.68,https://www.nrl.com/stats/players/?competition=111&season=2025&stat=1000112
2025,PCMs,1000112,17,JamesTedescoRoosters,James,Tedesco,Roosters,25,"1,272",50.88,https://www.nrl.com/stats/players/?competition=111&season=2025&stat=1000112
2025,PCMs,1000112,18,MosesSuliDragons,Moses,Suli,Dragons,20,"1,252",62.6,https://www.nrl.com/stats/players/?competition=111&season=2025&stat=1000112
2025,PCMs,1000112,19,LehiHopoateSea Eagles,Lehi,Hopoate,Sea Eagles,22,"1,230",55.90909091,https://www.nrl.com/stats/players/?competition=111&season=2025&stat=1000112
2025,PCMs,1000112,20,GregMarzhewKnights,Greg,Marzhew,Knights,18,"1,215",67.5,https://www.nrl.com/stats/players/?competition=111&season=2025&stat=1000112
2025,PCMs,1000112,21,BeauFermorTitans,Beau,Fermor,Titans,24,"1,196",49.83333333,https://www.nrl.com/stats/players/?competition=111&season=2025&stat=1000112
2025,PCMs,1000112,22,KeaonKoloamatangiRabbitohs,Keaon,Koloamatangi,Rabbitohs,20,"1,191",59.55,https://www.nrl.com/stats/players/?competition=111&season=2025&stat=1000112
2025,PCMs,1000112,23,MaxKingBulldogs,Max,King,Bulldogs,23,"1,183",51.43478261,https://www.nrl.com/stats/players/?competition=111&season=2025&stat=1000112
2025,PCMs,1000112,24,RonaldoMulitaloSharks,Ronaldo,Mulitalo,Sharks,26,"1,176",45.23076923,https://www.nrl.com/stats/players/?competition=111&season=2025&stat=1000112
2025,PCMs,1000112,25,SuniaTuruvaWests Tigers,Sunia,Wests,Tigers,24,"1,173",48.875,https://www.nrl.com/stats/players/?competition=111&season=2025&stat=1000112
2025,PCMs,1000112,26,HudsonYoungRaiders,Hudson,Young,Raiders,22,"1,172",53.27272727,https://www.nrl.com/stats/players/?competition=111&season=2025&stat=1000112
2025,PCMs,1000112,27,SebastianKrisRaiders,Sebastian,Kris,Raiders,24,"1,170",48.75,https://www.nrl.com/stats/players/?competition=111&season=2025&stat=1000112
2025,PCMs,1000112,28,BronsonXerriBulldogs,Bronson,Xerri,Bulldogs,24,"1,152",48,https://www.nrl.com/stats/players/?competition=111&season=2025&stat=1000112
2025,PCMs,1000112,29,SiosifaTalakaiSharks,Siosifa,Talakai,Sharks,24,"1,152",48,https://www.nrl.com/stats/players/?competition=111&season=2025&stat=1000112
2025,PCMs,1000112,30,JacksonFordWarriors,Jackson,Ford,Warriors,21,"1,116",53.14285714,https://www.nrl.com/stats/players/?competition=111&season=2025&stat=1000112
2025,PCMs,1000112,31,HerbieFarnworthDolphins,Herbie,Farnworth,Dolphins,19,"1,112",58.52631579,https://www.nrl.com/stats/players/?competition=111&season=2025&stat=1000112
2025,PCMs,1000112,32,IzackTagoPanthers,Izack,Tago,Panthers,25,"1,093",43.72,https://www.nrl.com/stats/players/?competition=111&season=2025&stat=1000112
2025,PCMs,1000112,33,BrianTo'oPanthers,Brian,To'o,Panthers,16,"1,091",68.1875,https://www.nrl.com/stats/players/?competition=111&season=2025&stat=1000112
2025,PCMs,1000112,34,JamayneIsaakoDolphins,Jamayne,Isaako,Dolphins,24,"1,087",45.29166667,https://www.nrl.com/stats/players/?competition=111&season=2025&stat=1000112
2025,PCMs,1000112,35,JesseRamienSharks,Jesse,Ramien,Sharks,24,"1,080",45,https://www.nrl.com/stats/players/?competition=111&season=2025&stat=1000112
2025,PCMs,1000112,36,GrantAndersonStorm,Grant,Anderson,Storm,24,"1,074",44.75,https://www.nrl.com/stats/players/?competition=111&season=2025&stat=1000112
2025,PCMs,1000112,37,StefanoUtoikamanuStorm,Stefano,Utoikamanu,Storm,25,"1,071",42.84,https://www.nrl.com/stats/players/?competition=111&season=2025&stat=1000112
2025,PCMs,1000112,38,FonuaPoleWests Tigers,Fonua,Wests,Tigers,21,"1,069",50.9047619,https://www.nrl.com/stats/players/?competition=111&season=2025&stat=1000112
2025,PCMs,1000112,39,AngusCrichtonRoosters,Angus,Crichton,Roosters,21,"1,067",50.80952381,https://www.nrl.com/stats/players/?competition=111&season=2025&stat=1000112
2025,PCMs,1000112,40,BradmanBestKnights,Bradman,Best,Knights,18,"1,066",59.22222222,https://www.nrl.com/stats/players/?competition=111&season=2025&stat=1000112
2025,PCMs,1000112,41,TinoFa'asuamaleauiTitans,Tino,Fa'asuamaleaui,Titans,19,"1,066",56.10526316,https://www.nrl.com/stats/players/?competition=111&season=2025&stat=1000112
2025,PCMs,1000112,42,DylanEdwardsPanthers,Dylan,Edwards,Panthers,20,"1,063",53.15,https://www.nrl.com/stats/players/?competition=111&season=2025&stat=1000112
2025,PCMs,1000112,43,JacobKirazBulldogs,Jacob,Kiraz,Bulldogs,19,"1,045",55,https://www.nrl.com/stats/players/?competition=111&season=2025&stat=1000112
2025,PCMs,1000112,44,MosesLeotaPanthers,Moses,Leota,Panthers,26,"1,044",40.15384615,https://www.nrl.com/stats/players/?competition=111&season=2025&stat=1000112
2025,PCMs,1000112,45,MoeakiFotuaikaTitans,Moeaki,Fotuaika,Titans,22,"1,040",47.27272727,https://www.nrl.com/stats/players/?competition=111&season=2025&stat=1000112
2025,PCMs,1000112,46,TolutauKoulaSea Eagles,Tolutau,Koula,Sea Eagles,22,"1,034",47,https://www.nrl.com/stats/players/?competition=111&season=2025&stat=1000112
2025,PCMs,1000112,47,JackWilliamsEels,Jack,Williams,Eels,21,"1,030",49.04761905,https://www.nrl.com/stats/players/?competition=111&season=2025&stat=1000112
2025,PCMs,1000112,48,DaneGagaiKnights,Dane,Gagai,Knights,24,"1,030",42.91666667,https://www.nrl.com/stats/players/?competition=111&season=2025&stat=1000112
2025,PCMs,1000112,49,SiosiuaTaukeiahoSea Eagles,Siosiua,Taukeiaho,Sea Eagles,21,"1,029",49,https://www.nrl.com/stats/players/?competition=111&season=2025&stat=1000112
2025,PCMs,1000112,50,XavierCoatesStorm,Xavier,Coates,Storm,22,"1,019",46.31818182,https://www.nrl.com/stats/players/?competition=111&season=2025&stat=1000026
2025,Penalties,1000026,1,ClintonGuthersonDragons,Clinton,Gutherson,Dragons,24,22,0.916666667,https://www.nrl.com/stats/players/?competition=111&season=2025&stat=1000026
2025,Penalties,1000026,2,PatrickCarriganBroncos,Patrick,Carrigan,Broncos,25,21,0.84,https://www.nrl.com/stats/players/?competition=111&season=2025&stat=1000026
2025,Penalties,1000026,3,ReeceRobsonCowboys,Reece,Robson,Cowboys,21,20,0.952380952,https://www.nrl.com/stats/players/?competition=111&season=2025&stat=1000026
2025,Penalties,1000026,4,NicholasHynesSharks,Nicholas,Hynes,Sharks,27,19,0.703703704,https://www.nrl.com/stats/players/?competition=111&season=2025&stat=1000026
2025,Penalties,1000026,5,J'maineHopgoodEels,J'maine,Hopgood,Eels,24,19,0.791666667,https://www.nrl.com/stats/players/?competition=111&season=2025&stat=1000026
2025,Penalties,1000026,6,TrentLoieroStorm,Trent,Loiero,Storm,25,18,0.72,https://www.nrl.com/stats/players/?competition=111&season=2025&stat=1000026
2025,Penalties,1000026,7,CoreyHorsburghRaiders,Corey,Horsburgh,Raiders,25,17,0.68,https://www.nrl.com/stats/players/?competition=111&season=2025&stat=1000026
2025,Penalties,1000026,8,AngusCrichtonRoosters,Angus,Crichton,Roosters,21,17,0.80952381,https://www.nrl.com/stats/players/?competition=111&season=2025&stat=1000026
2025,Penalties,1000026,9,JacksonFordWarriors,Jackson,Ford,Warriors,21,17,0.80952381,https://www.nrl.com/stats/players/?competition=111&season=2025&stat=1000026
2025,Penalties,1000026,10,IzackTagoPanthers,Izack,Tago,Panthers,25,16,0.64,https://www.nrl.com/stats/players/?competition=111&season=2025&stat=1000026
2025,Penalties,1000026,11,KotoniStaggsBroncos,Kotoni,Staggs,Broncos,24,15,0.625,https://www.nrl.com/stats/players/?competition=111&season=2025&stat=1000026
2025,Penalties,1000026,12,JosephTapineRaiders,Joseph,Tapine,Raiders,23,15,0.652173913,https://www.nrl.com/stats/players/?competition=111&season=2025&stat=1000026
2025,Penalties,1000026,13,SiosiuaTaukeiahoSea Eagles,Siosiua,Taukeiaho,Sea Eagles,21,15,0.714285714,https://www.nrl.com/stats/players/?competition=111&season=2025&stat=1000026
2025,Penalties,1000026,14,ReedMahoneyBulldogs,Reed,Mahoney,Bulldogs,25,15,0.6,https://www.nrl.com/stats/players/?competition=111&season=2025&stat=1000026
2025,Penalties,1000026,15,KyleFlanaganDragons,Kyle,Flanagan,Dragons,24,15,0.625,https://www.nrl.com/stats/players/?competition=111&season=2025&stat=1000026
2025,Penalties,1000026,16,VictorRadleyRoosters,Victor,Radley,Roosters,20,14,0.7,https://www.nrl.com/stats/players/?competition=111&season=2025&stat=1000026
2025,Penalties,1000026,17,LukeBrooksSea Eagles,Luke,Brooks,Sea Eagles,24,14,0.583333333,https://www.nrl.com/stats/players/?competition=111&season=2025&stat=1000026
2025,Penalties,1000026,18,ViliameKikauBulldogs,Viliame,Kikau,Bulldogs,22,14,0.636363636,https://www.nrl.com/stats/players/?competition=111&season=2025&stat=1000026
2025,Penalties,1000026,19,CameronMunsterStorm,Cameron,Munster,Storm,24,14,0.583333333,https://www.nrl.com/stats/players/?competition=111&season=2025&stat=1000026
2025,Penalties,1000026,20,BritonNikoraSharks,Briton,Nikora,Sharks,23,14,0.608695652,https://www.nrl.com/stats/players/?competition=111&season=2025&stat=1000026
2025,Penalties,1000026,21,StefanoUtoikamanuStorm,Stefano,Utoikamanu,Storm,25,14,0.56,https://www.nrl.com/stats/players/?competition=111&season=2025&stat=1000026
2025,Penalties,1000026,22,HarryGrantStorm,Harry,Grant,Storm,19,14,0.736842105,https://www.nrl.com/stats/players/?competition=111&season=2025&stat=1000026
2025,Penalties,1000026,23,GehamatShibasakiBroncos,Gehamat,Shibasaki,Broncos,25,13,0.52,https://www.nrl.com/stats/players/?competition=111&season=2025&stat=1000026
2025,Penalties,1000026,24,ReeceWalshBroncos,Reece,Walsh,Broncos,21,13,0.619047619,https://www.nrl.com/stats/players/?competition=111&season=2025&stat=1000026
2025,Penalties,1000026,25,XavierWillisonBroncos,Xavier,Willison,Broncos,21,13,0.619047619,https://www.nrl.com/stats/players/?competition=111&season=2025&stat=1000026
2025,Penalties,1000026,26,PhoenixCrosslandKnights,Phoenix,Crossland,Knights,23,13,0.565217391,https://www.nrl.com/stats/players/?competition=111&season=2025&stat=1000026
2025,Penalties,1000026,27,EliesaKatoaStorm,Eliesa,Katoa,Storm,26,13,0.5,https://www.nrl.com/stats/players/?competition=111&season=2025&stat=1000026
2025,Penalties,1000026,28,JaromeLuaiWests Tigers,Jarome,Wests,Tigers,21,13,0.619047619,https://www.nrl.com/stats/players/?competition=111&season=2025&stat=1000026
2025,Penalties,1000026,29,KurtDonoghoeDolphins,Kurt,Donoghoe,Dolphins,22,13,0.590909091,https://www.nrl.com/stats/players/?competition=111&season=2025&stat=1000026
2025,Penalties,1000026,30,CoryPaixBroncos,Cory,Paix,Broncos,23,12,0.52173913,https://www.nrl.com/stats/players/?competition=111&season=2025&stat=1000026
2025,Penalties,1000026,31,KaiPearce-PaulKnights,Kai,Paul,Knights,22,12,0.545454545,https://www.nrl.com/stats/players/?competition=111&season=2025&stat=1000026
2025,Penalties,1000026,32,JazzTevagaSea Eagles,Jazz,Tevaga,Sea Eagles,24,12,0.5,https://www.nrl.com/stats/players/?competition=111&season=2025&stat=1000026
2025,Penalties,1000026,33,JoshCurranBulldogs,Josh,Curran,Bulldogs,21,12,0.571428571,https://www.nrl.com/stats/players/?competition=111&season=2025&stat=1000026
2025,Penalties,1000026,34,LiamHenryPanthers,Liam,Henry,Panthers,23,12,0.52173913,https://www.nrl.com/stats/players/?competition=111&season=2025&stat=1000026
2025,Penalties,1000026,35,ConnorWatsonRoosters,Connor,Watson,Roosters,21,11,0.523809524,https://www.nrl.com/stats/players/?competition=111&season=2025&stat=1000026
2025,Penalties,1000026,36,BaileyHaywardBulldogs,Bailey,Hayward,Bulldogs,26,11,0.423076923,https://www.nrl.com/stats/players/?competition=111&season=2025&stat=1000026
2025,Penalties,1000026,37,CoreyWaddellSea Eagles,Corey,Waddell,Sea Eagles,22,11,0.5,https://www.nrl.com/stats/players/?competition=111&season=2025&stat=1000026
2025,Penalties,1000026,38,CameronMcInnesSharks,Cameron,Innes,Sharks,22,11,0.5,https://www.nrl.com/stats/players/?competition=111&season=2025&stat=1000026
2025,Penalties,1000026,39,MoeakiFotuaikaTitans,Moeaki,Fotuaika,Titans,22,11,0.5,https://www.nrl.com/stats/players/?competition=111&season=2025&stat=1000026
2025,Penalties,1000026,40,CoreyJensenBroncos,Corey,Jensen,Broncos,25,11,0.44,https://www.nrl.com/stats/players/?competition=111&season=2025&stat=1000026
2025,Penalties,1000026,41,PayneHaasBroncos,Payne,Haas,Broncos,24,11,0.458333333,https://www.nrl.com/stats/players/?competition=111&season=2025&stat=1000026
2025,Penalties,1000026,42,JesseRamienSharks,Jesse,Ramien,Sharks,24,11,0.458333333,https://www.nrl.com/stats/players/?competition=111&season=2025&stat=1000026
2025,Penalties,1000026,43,LindsaySmithPanthers,Lindsay,Smith,Panthers,26,11,0.423076923,https://www.nrl.com/stats/players/?competition=111&season=2025&stat=1000026
2025,Penalties,1000026,44,HudsonYoungRaiders,Hudson,Young,Raiders,22,11,0.5,https://www.nrl.com/stats/players/?competition=111&season=2025&stat=1000026
2025,Penalties,1000026,45,JordanRikiBroncos,Jordan,Riki,Broncos,24,11,0.458333333,https://www.nrl.com/stats/players/?competition=111&season=2025&stat=1000026
2025,Penalties,1000026,46,BraydonTrindallSharks,Braydon,Trindall,Sharks,26,11,0.423076923,https://www.nrl.com/stats/players/?competition=111&season=2025&stat=1000026
2025,Penalties,1000026,47,AlexSeyfarthWests Tigers,Alex,Wests,Tigers,21,11,0.523809524,https://www.nrl.com/stats/players/?competition=111&season=2025&stat=1000026
2025,Penalties,1000026,48,TomStarlingRaiders,Tom,Starling,Raiders,24,11,0.458333333,https://www.nrl.com/stats/players/?competition=111&season=2025&stat=1000026
2025,Penalties,1000026,49,KodiNikorimaDolphins,Kodi,Nikorima,Dolphins,20,11,0.55,https://www.nrl.com/stats/players/?competition=111&season=2025&stat=1000026
2025,Penalties,1000026,50,TerrellMayWests Tigers,Terrell,Wests,Tigers,24,11,0.458333333,https://www.nrl.com/stats/players/?competition=111&season=2025&stat=76
2025,Points,76,1,JamayneIsaakoDolphins,Jamayne,Isaako,Dolphins,24,278,11.58333333,https://www.nrl.com/stats/players/?competition=111&season=2025&stat=76
2025,Points,76,2,NicholasHynesSharks,Nicholas,Hynes,Sharks,27,228,8.444444444,https://www.nrl.com/stats/players/?competition=111&season=2025&stat=76
2025,Points,76,3,JamalFogartyRaiders,Jamal,Fogarty,Raiders,24,192,8,https://www.nrl.com/stats/players/?competition=111&season=2025&stat=76
2025,Points,76,4,ScottDrinkwaterCowboys,Scott,Drinkwater,Cowboys,24,184,7.666666667,https://www.nrl.com/stats/players/?competition=111&season=2025&stat=76
2025,Points,76,5,NathanClearyPanthers,Nathan,Cleary,Panthers,22,184,8.363636364,https://www.nrl.com/stats/players/?competition=111&season=2025&stat=76
2025,Points,76,6,RyanPapenhuyzenStorm,Ryan,Papenhuyzen,Storm,21,181,8.619047619,https://www.nrl.com/stats/players/?competition=111&season=2025&stat=76
2025,Points,76,7,AdamReynoldsBroncos,Adam,Reynolds,Broncos,22,180,8.181818182,https://www.nrl.com/stats/players/?competition=111&season=2025&stat=76
2025,Points,76,8,ReubenGarrickSea Eagles,Reuben,Garrick,Sea Eagles,21,176,8.380952381,https://www.nrl.com/stats/players/?competition=111&season=2025&stat=76
2025,Points,76,9,JaydenCampbellTitans,Jayden,Campbell,Titans,20,158,7.9,https://www.nrl.com/stats/players/?competition=111&season=2025&stat=76
2025,Points,76,10,ZacLomaxEels,Zac,Lomax,Eels,19,143,7.526315789,https://www.nrl.com/stats/players/?competition=111&season=2025&stat=76
2025,Points,76,11,AdamDoueihiWests Tigers,Adam,Wests,Tigers,21,135,6.428571429,https://www.nrl.com/stats/players/?competition=111&season=2025&stat=76
2025,Points,76,12,NickMeaneyStorm,Nick,Meaney,Storm,22,132,6,https://www.nrl.com/stats/players/?competition=111&season=2025&stat=76
2025,Points,76,13,SandonSmithRoosters,Sandon,Smith,Roosters,17,132,7.764705882,https://www.nrl.com/stats/players/?competition=111&season=2025&stat=76
2025,Points,76,14,StephenCrichtonBulldogs,Stephen,Crichton,Bulldogs,21,126,6,https://www.nrl.com/stats/players/?competition=111&season=2025&stat=76
2025,Points,76,15,ReeceWalshBroncos,Reece,Walsh,Broncos,21,124,5.904761905,https://www.nrl.com/stats/players/?competition=111&season=2025&stat=76
2025,Points,76,16,LukeMetcalfWarriors,Luke,Metcalf,Warriors,15,117,7.8,https://www.nrl.com/stats/players/?competition=111&season=2025&stat=76
2025,Points,76,17,ValentineHolmesDragons,Valentine,Holmes,Dragons,14,114,8.142857143,https://www.nrl.com/stats/players/?competition=111&season=2025&stat=76
2025,Points,76,18,PaulAlamotiPanthers,Paul,Alamoti,Panthers,19,98,5.157894737,https://www.nrl.com/stats/players/?competition=111&season=2025&stat=76
2025,Points,76,19,MarkNawaqanitawaseRoosters,Mark,Nawaqanitawase,Roosters,23,96,4.173913043,https://www.nrl.com/stats/players/?competition=111&season=2025&stat=76
2025,Points,76,20,KyleFlanaganDragons,Kyle,Flanagan,Dragons,24,92,3.833333333,https://www.nrl.com/stats/players/?competition=111&season=2025&stat=76
2025,Points,76,21,HamisoTabuai-FidowDolphins,Hamiso,Fidow,Dolphins,21,88,4.19047619,https://www.nrl.com/stats/players/?competition=111&season=2025&stat=76
2025,Points,76,22,MattBurtonBulldogs,Matt,Burton,Bulldogs,21,84,4,https://www.nrl.com/stats/players/?competition=111&season=2025&stat=76
2025,Points,76,23,XavierCoatesStorm,Xavier,Coates,Storm,22,80,3.636363636,https://www.nrl.com/stats/players/?competition=111&season=2025&stat=76
2025,Points,76,24,SamWalkerRoosters,Sam,Walker,Roosters,9,79,8.777777778,https://www.nrl.com/stats/players/?competition=111&season=2025&stat=76
2025,Points,76,25,JoshAddo-CarrEels,Josh,Carr,Eels,22,76,3.454545455,https://www.nrl.com/stats/players/?competition=111&season=2025&stat=76
2025,Points,76,26,DanielTupouRoosters,Daniel,Tupou,Roosters,24,76,3.166666667,https://www.nrl.com/stats/players/?competition=111&season=2025&stat=76
2025,Points,76,27,GehamatShibasakiBroncos,Gehamat,Shibasaki,Broncos,25,72,2.88,https://www.nrl.com/stats/players/?competition=111&season=2025&stat=76
2025,Points,76,28,TyrellSloanDragons,Tyrell,Sloan,Dragons,20,68,3.4,https://www.nrl.com/stats/players/?competition=111&season=2025&stat=76
2025,Points,76,29,TolutauKoulaSea Eagles,Tolutau,Koula,Sea Eagles,22,68,3.090909091,https://www.nrl.com/stats/players/?competition=111&season=2025&stat=76
2025,Points,76,30,RonaldoMulitaloSharks,Ronaldo,Mulitalo,Sharks,26,68,2.615384615,https://www.nrl.com/stats/players/?competition=111&season=2025&stat=76
2025,Points,76,31,LatrellMitchellRabbitohs,Latrell,Mitchell,Rabbitohs,11,66,6,https://www.nrl.com/stats/players/?competition=111&season=2025&stat=76
2025,Points,76,32,EthanStrangeRaiders,Ethan,Strange,Raiders,24,66,2.75,https://www.nrl.com/stats/players/?competition=111&season=2025&stat=76
2025,Points,76,33,CaseyMcLeanPanthers,Casey,Lean,Panthers,23,64,2.782608696,https://www.nrl.com/stats/players/?competition=111&season=2025&stat=76
2025,Points,76,34,AlexJohnstonRabbitohs,Alex,Johnston,Rabbitohs,16,60,3.75,https://www.nrl.com/stats/players/?competition=111&season=2025&stat=76
2025,Points,76,35,PhillipSamiTitans,Phillip,Sami,Titans,21,60,2.857142857,https://www.nrl.com/stats/players/?competition=111&season=2025&stat=76
2025,Points,76,36,DalyCherry-EvansSea Eagles,Daly,Evans,Sea Eagles,23,59,2.565217391,https://www.nrl.com/stats/players/?competition=111&season=2025&stat=76
2025,Points,76,37,TanahBoydWarriors,Tanah,Boyd,Warriors,9,58,6.444444444,https://www.nrl.com/stats/players/?competition=111&season=2025&stat=76
2025,Points,76,38,AdamPompeyWarriors,Adam,Pompey,Warriors,25,56,2.24,https://www.nrl.com/stats/players/?competition=111&season=2025&stat=76
2025,Points,76,39,EliesaKatoaStorm,Eliesa,Katoa,Storm,26,56,2.153846154,https://www.nrl.com/stats/players/?competition=111&season=2025&stat=76
2025,Points,76,40,JaxonPurdueCowboys,Jaxon,Purdue,Cowboys,24,56,2.333333333,https://www.nrl.com/stats/players/?competition=111&season=2025&stat=76
2025,Points,76,41,ThomasJenkinsPanthers,Thomas,Jenkins,Panthers,21,52,2.476190476,https://www.nrl.com/stats/players/?competition=111&season=2025&stat=76
2025,Points,76,42,LekaHalasimaWarriors,Leka,Halasima,Warriors,25,52,2.08,https://www.nrl.com/stats/players/?competition=111&season=2025&stat=76
2025,Points,76,43,SeanRussellEels,Sean,Russell,Eels,20,50,2.5,https://www.nrl.com/stats/players/?competition=111&season=2025&stat=76
2025,Points,76,44,MurrayTaulagiCowboys,Murray,Taulagi,Cowboys,15,50,3.333333333,https://www.nrl.com/stats/players/?competition=111&season=2025&stat=76
2025,Points,76,45,KLIroSharks,KLIro,KLIro,Sharks,14,48,3.428571429,https://www.nrl.com/stats/players/?competition=111&season=2025&stat=76
2025,Points,76,46,XavierSavageRaiders,Xavier,Savage,Raiders,21,48,2.285714286,https://www.nrl.com/stats/players/?competition=111&season=2025&stat=76
2025,Points,76,47,HerbieFarnworthDolphins,Herbie,Farnworth,Dolphins,19,48,2.526315789,https://www.nrl.com/stats/players/?competition=111&season=2025&stat=76
2025,Points,76,48,JacobPrestonBulldogs,Jacob,Preston,Bulldogs,22,48,2.181818182,https://www.nrl.com/stats/players/?competition=111&season=2025&stat=76
2025,Points,76,49,KotoniStaggsBroncos,Kotoni,Staggs,Broncos,24,48,2,https://www.nrl.com/stats/players/?competition=111&season=2025&stat=76
2025,Points,76,50,KaeoWeekesRaiders,Kaeo,Weekes,Raiders,25,48,1.92,https://www.nrl.com/stats/players/?competition=111&season=2025&stat=76
2025,Points,76,51,AJBrimsonTitans,AJBrimson,AJBrimson,Titans,23,48,2.086956522,https://www.nrl.com/stats/players/?competition=111&season=2025&stat=76
2025,Points,76,52,DaneGagaiKnights,Dane,Gagai,Knights,24,48,2,https://www.nrl.com/stats/players/?competition=111&season=2025&stat=76
2025,Points,76,53,RogerTuivasa-SheckWarriors,Roger,Sheck,Warriors,19,48,2.526315789,https://www.nrl.com/stats/players/?competition=111&season=2025&stat=76
2025,Points,76,54,DeineMarinerBroncos,Deine,Mariner,Broncos,19,48,2.526315789,https://www.nrl.com/stats/players/?competition=111&season=2025&stat=1000283
2025,Ruck Infringements,1000283,1,PatrickCarriganBroncos,Patrick,Carrigan,Broncos,25,14,0.56,https://www.nrl.com/stats/players/?competition=111&season=2025&stat=1000283
2025,Ruck Infringements,1000283,2,TrentLoieroStorm,Trent,Loiero,Storm,25,14,0.56,https://www.nrl.com/stats/players/?competition=111&season=2025&stat=1000283
2025,Ruck Infringements,1000283,3,TerrellMayWests Tigers,Terrell,Wests,Tigers,24,14,0.583333333,https://www.nrl.com/stats/players/?competition=111&season=2025&stat=1000283
2025,Ruck Infringements,1000283,4,CameronMunsterStorm,Cameron,Munster,Storm,24,13,0.541666667,https://www.nrl.com/stats/players/?competition=111&season=2025&stat=1000283
2025,Ruck Infringements,1000283,5,JoshPapaliiRaiders,Josh,Papalii,Raiders,24,12,0.5,https://www.nrl.com/stats/players/?competition=111&season=2025&stat=1000283
2025,Ruck Infringements,1000283,6,JacksonFordWarriors,Jackson,Ford,Warriors,21,12,0.571428571,https://www.nrl.com/stats/players/?competition=111&season=2025&stat=1000283
2025,Ruck Infringements,1000283,7,BenTrbojevicSea Eagles,Ben,Trbojevic,Sea Eagles,22,12,0.545454545,https://www.nrl.com/stats/players/?competition=111&season=2025&stat=1000283
2025,Ruck Infringements,1000283,8,HarryGrantStorm,Harry,Grant,Storm,19,11,0.578947368,https://www.nrl.com/stats/players/?competition=111&season=2025&stat=1000283
2025,Ruck Infringements,1000283,9,MoeakiFotuaikaTitans,Moeaki,Fotuaika,Titans,22,11,0.5,https://www.nrl.com/stats/players/?competition=111&season=2025&stat=1000283
2025,Ruck Infringements,1000283,10,ReeceRobsonCowboys,Reece,Robson,Cowboys,21,10,0.476190476,https://www.nrl.com/stats/players/?competition=111&season=2025&stat=1000283
2025,Ruck Infringements,1000283,11,JazzTevagaSea Eagles,Jazz,Tevaga,Sea Eagles,24,9,0.375,https://www.nrl.com/stats/players/?competition=111&season=2025&stat=1000283
2025,Ruck Infringements,1000283,12,TomStarlingRaiders,Tom,Starling,Raiders,24,9,0.375,https://www.nrl.com/stats/players/?competition=111&season=2025&stat=1000283
2025,Ruck Infringements,1000283,13,MitchKennyPanthers,Mitch,Kenny,Panthers,22,9,0.409090909,https://www.nrl.com/stats/players/?competition=111&season=2025&stat=1000283
2025,Ruck Infringements,1000283,14,CoreyHorsburghRaiders,Corey,Horsburgh,Raiders,25,9,0.36,https://www.nrl.com/stats/players/?competition=111&season=2025&stat=1000283
2025,Ruck Infringements,1000283,15,LindsaySmithPanthers,Lindsay,Smith,Panthers,26,9,0.346153846,https://www.nrl.com/stats/players/?competition=111&season=2025&stat=1000283
2025,Ruck Infringements,1000283,16,JeremyMarshall-KingDolphins,Jeremy,King,Dolphins,19,9,0.473684211,https://www.nrl.com/stats/players/?competition=111&season=2025&stat=1000283
2025,Ruck Infringements,1000283,17,ConnorWatsonRoosters,Connor,Watson,Roosters,21,8,0.380952381,https://www.nrl.com/stats/players/?competition=111&season=2025&stat=1000283
2025,Ruck Infringements,1000283,18,JackCoggerKnights,Jack,Cogger,Knights,21,8,0.380952381,https://www.nrl.com/stats/players/?competition=111&season=2025&stat=1000283
2025,Ruck Infringements,1000283,19,ChrisRandallTitans,Chris,Randall,Titans,23,8,0.347826087,https://www.nrl.com/stats/players/?competition=111&season=2025&stat=1000283
2025,Ruck Infringements,1000283,20,JaiArrowRabbitohs,Jai,Arrow,Rabbitohs,24,8,0.333333333,https://www.nrl.com/stats/players/?competition=111&season=2025&stat=1000283
2025,Ruck Infringements,1000283,21,DylanWalkerEels,Dylan,Walker,Eels,23,8,0.347826087,https://www.nrl.com/stats/players/?competition=111&season=2025&stat=1000283
2025,Ruck Infringements,1000283,22,JaydenBraileyKnights,Jayden,Brailey,Knights,24,7,0.291666667,https://www.nrl.com/stats/players/?competition=111&season=2025&stat=1000283
2025,Ruck Infringements,1000283,23,CoenHessCowboys,Coen,Hess,Cowboys,21,7,0.333333333,https://www.nrl.com/stats/players/?competition=111&season=2025&stat=1000283
2025,Ruck Infringements,1000283,24,KobeHetheringtonBroncos,Kobe,Hetherington,Broncos,27,7,0.259259259,https://www.nrl.com/stats/players/?competition=111&season=2025&stat=1000283
2025,Ruck Infringements,1000283,25,MaxKingBulldogs,Max,King,Bulldogs,23,7,0.304347826,https://www.nrl.com/stats/players/?competition=111&season=2025&stat=1000283
2025,Ruck Infringements,1000283,26,PeterMamouzelosRabbitohs,Peter,Mamouzelos,Rabbitohs,14,7,0.5,https://www.nrl.com/stats/players/?competition=111&season=2025&stat=1000283
2025,Ruck Infringements,1000283,27,JordanMcLeanCowboys,Jordan,Lean,Cowboys,19,7,0.368421053,https://www.nrl.com/stats/players/?competition=111&season=2025&stat=1000283
2025,Ruck Infringements,1000283,28,AlexSeyfarthWests Tigers,Alex,Wests,Tigers,21,7,0.333333333,https://www.nrl.com/stats/players/?competition=111&season=2025&stat=1000283
2025,Ruck Infringements,1000283,29,CharnzeNicoll-KlokstadWarriors,Charnze,Klokstad,Warriors,22,7,0.318181818,https://www.nrl.com/stats/players/?competition=111&season=2025&stat=1000283
2025,Ruck Infringements,1000283,30,PayneHaasBroncos,Payne,Haas,Broncos,24,7,0.291666667,https://www.nrl.com/stats/players/?competition=111&season=2025&stat=1000283
2025,Ruck Infringements,1000283,31,JaromeLuaiWests Tigers,Jarome,Wests,Tigers,21,7,0.333333333,https://www.nrl.com/stats/players/?competition=111&season=2025&stat=1000283
2025,Ruck Infringements,1000283,32,ErinClarkWarriors,Erin,Clark,Warriors,25,7,0.28,https://www.nrl.com/stats/players/?competition=111&season=2025&stat=1000283
2025,Ruck Infringements,1000283,33,MorganSmithiesRaiders,Morgan,Smithies,Raiders,25,6,0.24,https://www.nrl.com/stats/players/?competition=111&season=2025&stat=1000283
2025,Ruck Infringements,1000283,34,JordanRikiBroncos,Jordan,Riki,Broncos,24,6,0.25,https://www.nrl.com/stats/players/?competition=111&season=2025&stat=1000283
2025,Ruck Infringements,1000283,35,GriffinNeameCowboys,Griffin,Neame,Cowboys,20,6,0.3,https://www.nrl.com/stats/players/?competition=111&season=2025&stat=1000283
2025,Ruck Infringements,1000283,36,JakeSimpkinSea Eagles,Jake,Simpkin,Sea Eagles,22,6,0.272727273,https://www.nrl.com/stats/players/?competition=111&season=2025&stat=1000283
2025,Ruck Infringements,1000283,37,JoshKingStorm,Josh,King,Storm,26,6,0.230769231,https://www.nrl.com/stats/players/?competition=111&season=2025&stat=1000283
2025,Ruck Infringements,1000283,38,AlexTwalWests Tigers,Alex,Wests,Tigers,23,6,0.260869565,https://www.nrl.com/stats/players/?competition=111&season=2025&stat=1000283
2025,Ruck Infringements,1000283,39,EliesaKatoaStorm,Eliesa,Katoa,Storm,26,6,0.230769231,https://www.nrl.com/stats/players/?competition=111&season=2025&stat=1000283
2025,Ruck Infringements,1000283,40,NicholasHynesSharks,Nicholas,Hynes,Sharks,27,6,0.222222222,https://www.nrl.com/stats/players/?competition=111&season=2025&stat=1000283
2025,Ruck Infringements,1000283,41,DamienCookDragons,Damien,Cook,Dragons,24,6,0.25,https://www.nrl.com/stats/players/?competition=111&season=2025&stat=1000283
2025,Ruck Infringements,1000283,42,SioneFainuWests Tigers,Sione,Wests,Tigers,24,6,0.25,https://www.nrl.com/stats/players/?competition=111&season=2025&stat=1000283
2025,Ruck Infringements,1000283,43,TeigWiltonSharks,Teig,Wilton,Sharks,21,6,0.285714286,https://www.nrl.com/stats/players/?competition=111&season=2025&stat=1000283
2025,Ruck Infringements,1000283,44,CameronMcInnesSharks,Cameron,Innes,Sharks,22,6,0.272727273,https://www.nrl.com/stats/players/?competition=111&season=2025&stat=1000283
2025,Ruck Infringements,1000283,45,JackWilliamsEels,Jack,Williams,Eels,21,6,0.285714286,https://www.nrl.com/stats/players/?competition=111&season=2025&stat=1000283
2025,Ruck Infringements,1000283,46,MarataNiukoreWarriors,Marata,Niukore,Warriors,25,6,0.24,https://www.nrl.com/stats/players/?competition=111&season=2025&stat=1000283
2025,Ruck Infringements,1000283,47,JaxonPurdueCowboys,Jaxon,Purdue,Cowboys,24,5,0.208333333,https://www.nrl.com/stats/players/?competition=111&season=2025&stat=1000283
2025,Ruck Infringements,1000283,48,BlakeLawrieDragons,Blake,Lawrie,Dragons,15,5,0.333333333,https://www.nrl.com/stats/players/?competition=111&season=2025&stat=1000283
2025,Ruck Infringements,1000283,49,PhoenixCrosslandKnights,Phoenix,Crossland,Knights,23,5,0.217391304,https://www.nrl.com/stats/players/?competition=111&season=2025&stat=1000283
2025,Ruck Infringements,1000283,50,LeoThompsonKnights,Leo,Thompson,Knights,16,5,0.3125,https://www.nrl.com/stats/players/?competition=111&season=2025&stat=1000037
2025,Run Metres,1000037,1,JamesTedescoRoosters,James,Tedesco,Roosters,25,"4,862",194.48,https://www.nrl.com/stats/players/?competition=111&season=2025&stat=1000037
2025,Run Metres,1000037,2,ConnorTraceyBulldogs,Connor,Tracey,Bulldogs,24,"4,810",200.4166667,https://www.nrl.com/stats/players/?competition=111&season=2025&stat=1000037
2025,Run Metres,1000037,3,DylanEdwardsPanthers,Dylan,Edwards,Panthers,20,"4,383",219.15,https://www.nrl.com/stats/players/?competition=111&season=2025&stat=1000037
2025,Run Metres,1000037,4,AddinFonua-BlakeSharks,Addin,Blake,Sharks,27,"4,346",160.962963,https://www.nrl.com/stats/players/?competition=111&season=2025&stat=1000037
2025,Run Metres,1000037,5,RogerTuivasa-SheckWarriors,Roger,Sheck,Warriors,19,"4,121",216.8947368,https://www.nrl.com/stats/players/?competition=111&season=2025&stat=1000037
2025,Run Metres,1000037,6,CharnzeNicoll-KlokstadWarriors,Charnze,Klokstad,Warriors,22,"4,099",186.3181818,https://www.nrl.com/stats/players/?competition=111&season=2025&stat=1000037
2025,Run Metres,1000037,7,RonaldoMulitaloSharks,Ronaldo,Mulitalo,Sharks,26,"4,078",156.8461538,https://www.nrl.com/stats/players/?competition=111&season=2025&stat=1000037
2025,Run Metres,1000037,8,DanielTupouRoosters,Daniel,Tupou,Roosters,24,"4,055",168.9583333,https://www.nrl.com/stats/players/?competition=111&season=2025&stat=1000037
2025,Run Metres,1000037,9,WilliamKennedySharks,William,Kennedy,Sharks,27,"4,023",149,https://www.nrl.com/stats/players/?competition=111&season=2025&stat=1000037
2025,Run Metres,1000037,10,PayneHaasBroncos,Payne,Haas,Broncos,24,"3,996",166.5,https://www.nrl.com/stats/players/?competition=111&season=2025&stat=1000037
2025,Run Metres,1000037,11,TerrellMayWests Tigers,Terrell,Wests,Tigers,24,"3,985",166.0416667,https://www.nrl.com/stats/players/?competition=111&season=2025&stat=1000037
2025,Run Metres,1000037,12,KaeoWeekesRaiders,Kaeo,Weekes,Raiders,25,"3,942",157.68,https://www.nrl.com/stats/players/?competition=111&season=2025&stat=1000037
2025,Run Metres,1000037,13,PatrickCarriganBroncos,Patrick,Carrigan,Broncos,25,"3,936",157.44,https://www.nrl.com/stats/players/?competition=111&season=2025&stat=1000037
2025,Run Metres,1000037,14,LehiHopoateSea Eagles,Lehi,Hopoate,Sea Eagles,22,"3,893",176.9545455,https://www.nrl.com/stats/players/?competition=111&season=2025&stat=1000037
2025,Run Metres,1000037,15,GehamatShibasakiBroncos,Gehamat,Shibasaki,Broncos,25,"3,881",155.24,https://www.nrl.com/stats/players/?competition=111&season=2025&stat=1000037
2025,Run Metres,1000037,16,PhillipSamiTitans,Phillip,Sami,Titans,21,"3,798",180.8571429,https://www.nrl.com/stats/players/?competition=111&season=2025&stat=1000037
2025,Run Metres,1000037,17,ZacLomaxEels,Zac,Lomax,Eels,19,"3,772",198.5263158,https://www.nrl.com/stats/players/?competition=111&season=2025&stat=1000037
2025,Run Metres,1000037,18,EliesaKatoaStorm,Eliesa,Katoa,Storm,26,"3,743",143.9615385,https://www.nrl.com/stats/players/?competition=111&season=2025&stat=1000037
2025,Run Metres,1000037,19,MatthewTimokoRaiders,Matthew,Timoko,Raiders,25,"3,728",149.12,https://www.nrl.com/stats/players/?competition=111&season=2025&stat=1000037
2025,Run Metres,1000037,20,ErinClarkWarriors,Erin,Clark,Warriors,25,"3,696",147.84,https://www.nrl.com/stats/players/?competition=111&season=2025&stat=1000037
2025,Run Metres,1000037,21,ClintonGuthersonDragons,Clinton,Gutherson,Dragons,24,"3,662",152.5833333,https://www.nrl.com/stats/players/?competition=111&season=2025&stat=1000037
2025,Run Metres,1000037,22,IsaiahIongiEels,Isaiah,Iongi,Eels,21,"3,613",172.047619,https://www.nrl.com/stats/players/?competition=111&season=2025&stat=1000037
2025,Run Metres,1000037,23,SuniaTuruvaWests Tigers,Sunia,Wests,Tigers,24,"3,570",148.75,https://www.nrl.com/stats/players/?competition=111&season=2025&stat=1000037
2025,Run Metres,1000037,24,ScottDrinkwaterCowboys,Scott,Drinkwater,Cowboys,24,"3,551",147.9583333,https://www.nrl.com/stats/players/?competition=111&season=2025&stat=1000037
2025,Run Metres,1000037,25,DaneGagaiKnights,Dane,Gagai,Knights,24,"3,455",143.9583333,https://www.nrl.com/stats/players/?competition=111&season=2025&stat=1000037
2025,Run Metres,1000037,26,GregMarzhewKnights,Greg,Marzhew,Knights,18,"3,454",191.8888889,https://www.nrl.com/stats/players/?competition=111&season=2025&stat=1000037
2025,Run Metres,1000037,27,JamayneIsaakoDolphins,Jamayne,Isaako,Dolphins,24,"3,408",142,https://www.nrl.com/stats/players/?competition=111&season=2025&stat=1000037
2025,Run Metres,1000037,28,HamisoTabuai-FidowDolphins,Hamiso,Fidow,Dolphins,21,"3,407",162.2380952,https://www.nrl.com/stats/players/?competition=111&season=2025&stat=1000037
2025,Run Metres,1000037,29,NaufahuWhyteRoosters,Naufahu,Whyte,Roosters,23,"3,405",148.0434783,https://www.nrl.com/stats/players/?competition=111&season=2025&stat=1000037
2025,Run Metres,1000037,30,JacobKirazBulldogs,Jacob,Kiraz,Bulldogs,19,"3,398",178.8421053,https://www.nrl.com/stats/players/?competition=111&season=2025&stat=1000037
2025,Run Metres,1000037,31,GrantAndersonStorm,Grant,Anderson,Storm,24,"3,340",139.1666667,https://www.nrl.com/stats/players/?competition=111&season=2025&stat=1000037
2025,Run Metres,1000037,32,KotoniStaggsBroncos,Kotoni,Staggs,Broncos,24,"3,323",138.4583333,https://www.nrl.com/stats/players/?competition=111&season=2025&stat=1000037
2025,Run Metres,1000037,33,CoreyHorsburghRaiders,Corey,Horsburgh,Raiders,25,"3,314",132.56,https://www.nrl.com/stats/players/?competition=111&season=2025&stat=1000037
2025,Run Metres,1000037,34,RyanPapenhuyzenStorm,Ryan,Papenhuyzen,Storm,21,"3,294",156.8571429,https://www.nrl.com/stats/players/?competition=111&season=2025&stat=1000037
2025,Run Metres,1000037,35,TolutauKoulaSea Eagles,Tolutau,Koula,Sea Eagles,22,"3,290",149.5454545,https://www.nrl.com/stats/players/?competition=111&season=2025&stat=1000037
2025,Run Metres,1000037,36,JyeGrayRabbitohs,Jye,Gray,Rabbitohs,19,"3,284",172.8421053,https://www.nrl.com/stats/players/?competition=111&season=2025&stat=1000037
2025,Run Metres,1000037,37,BronsonXerriBulldogs,Bronson,Xerri,Bulldogs,24,"3,283",136.7916667,https://www.nrl.com/stats/players/?competition=111&season=2025&stat=1000037
2025,Run Metres,1000037,38,XavierCoatesStorm,Xavier,Coates,Storm,22,"3,282",149.1818182,https://www.nrl.com/stats/players/?competition=111&season=2025&stat=1000037
2025,Run Metres,1000037,39,AJBrimsonTitans,AJBrimson,AJBrimson,Titans,23,"3,279",142.5652174,https://www.nrl.com/stats/players/?competition=111&season=2025&stat=1000037
2025,Run Metres,1000037,40,JakeAverilloDolphins,Jake,Averillo,Dolphins,24,"3,277",136.5416667,https://www.nrl.com/stats/players/?competition=111&season=2025&stat=1000037
2025,Run Metres,1000037,41,JoshAddo-CarrEels,Josh,Carr,Eels,22,"3,273",148.7727273,https://www.nrl.com/stats/players/?competition=111&season=2025&stat=1000037
2025,Run Metres,1000037,42,HudsonYoungRaiders,Hudson,Young,Raiders,22,"3,273",148.7727273,https://www.nrl.com/stats/players/?competition=111&season=2025&stat=1000037
2025,Run Metres,1000037,43,JosephTapineRaiders,Joseph,Tapine,Raiders,23,"3,272",142.2608696,https://www.nrl.com/stats/players/?competition=111&season=2025&stat=1000037
2025,Run Metres,1000037,44,JesseRamienSharks,Jesse,Ramien,Sharks,24,"3,250",135.4166667,https://www.nrl.com/stats/players/?competition=111&season=2025&stat=1000037
2025,Run Metres,1000037,45,HerbieFarnworthDolphins,Herbie,Farnworth,Dolphins,19,"3,237",170.3684211,https://www.nrl.com/stats/players/?competition=111&season=2025&stat=1000037
2025,Run Metres,1000037,46,BrianTo'oPanthers,Brian,To'o,Panthers,16,"3,217",201.0625,https://www.nrl.com/stats/players/?competition=111&season=2025&stat=1000037
2025,Run Metres,1000037,47,MarkNawaqanitawaseRoosters,Mark,Nawaqanitawase,Roosters,23,"3,186",138.5217391,https://www.nrl.com/stats/players/?competition=111&season=2025&stat=1000037
2025,Run Metres,1000037,48,IzackTagoPanthers,Izack,Tago,Panthers,25,"3,168",126.72,https://www.nrl.com/stats/players/?competition=111&season=2025&stat=1000037
2025,Run Metres,1000037,49,ThomasJenkinsPanthers,Thomas,Jenkins,Panthers,21,"3,151",150.047619,https://www.nrl.com/stats/players/?competition=111&season=2025&stat=1000037
2025,Run Metres,1000037,50,ReeceWalshBroncos,Reece,Walsh,Broncos,21,"3,111",148.1428571,https://www.nrl.com/stats/players/?competition=111&season=2025&stat=1000319
2025,Set Restarts,1000319,1,JaromeLuaiWests Tigers,Jarome,Wests,Tigers,21,5,0.238095238,https://www.nrl.com/stats/players/?competition=111&season=2025&stat=1000319
2025,Set Restarts,1000319,2,EthanStrangeRaiders,Ethan,Strange,Raiders,24,5,0.208333333,https://www.nrl.com/stats/players/?competition=111&season=2025&stat=1000319
2025,Set Restarts,1000319,3,BlaykeBraileySharks,Blayke,Brailey,Sharks,27,5,0.185185185,https://www.nrl.com/stats/players/?competition=111&season=2025&stat=1000319
2025,Set Restarts,1000319,4,TinoFa'asuamaleauiTitans,Tino,Fa'asuamaleaui,Titans,19,4,0.210526316,https://www.nrl.com/stats/players/?competition=111&season=2025&stat=1000319
2025,Set Restarts,1000319,5,LukeBrooksSea Eagles,Luke,Brooks,Sea Eagles,24,4,0.166666667,https://www.nrl.com/stats/players/?competition=111&season=2025&stat=1000319
2025,Set Restarts,1000319,6,DalyCherry-EvansSea Eagles,Daly,Evans,Sea Eagles,23,4,0.173913043,https://www.nrl.com/stats/players/?competition=111&season=2025&stat=1000319
2025,Set Restarts,1000319,7,MoeakiFotuaikaTitans,Moeaki,Fotuaika,Titans,22,4,0.181818182,https://www.nrl.com/stats/players/?competition=111&season=2025&stat=1000319
2025,Set Restarts,1000319,8,PatrickCarriganBroncos,Patrick,Carrigan,Broncos,25,4,0.16,https://www.nrl.com/stats/players/?competition=111&season=2025&stat=1000319
2025,Set Restarts,1000319,9,MarataNiukoreWarriors,Marata,Niukore,Warriors,25,4,0.16,https://www.nrl.com/stats/players/?competition=111&season=2025&stat=1000319
2025,Set Restarts,1000319,10,JaydenBraileyKnights,Jayden,Brailey,Knights,24,4,0.166666667,https://www.nrl.com/stats/players/?competition=111&season=2025&stat=1000319
2025,Set Restarts,1000319,11,KotoniStaggsBroncos,Kotoni,Staggs,Broncos,24,4,0.166666667,https://www.nrl.com/stats/players/?competition=111&season=2025&stat=1000319
2025,Set Restarts,1000319,12,TobyCouchmanDragons,Toby,Couchman,Dragons,13,4,0.307692308,https://www.nrl.com/stats/players/?competition=111&season=2025&stat=1000319
2025,Set Restarts,1000319,13,LucianoLeiluaDragons,Luciano,Leilua,Dragons,23,4,0.173913043,https://www.nrl.com/stats/players/?competition=111&season=2025&stat=1000319
2025,Set Restarts,1000319,14,KurtCapewellWarriors,Kurt,Capewell,Warriors,22,4,0.181818182,https://www.nrl.com/stats/players/?competition=111&season=2025&stat=1000319
2025,Set Restarts,1000319,15,CodyWalkerRabbitohs,Cody,Walker,Rabbitohs,11,3,0.272727273,https://www.nrl.com/stats/players/?competition=111&season=2025&stat=1000319
2025,Set Restarts,1000319,16,HugoSavalaRoosters,Hugo,Savala,Roosters,21,3,0.142857143,https://www.nrl.com/stats/players/?competition=111&season=2025&stat=1000319
2025,Set Restarts,1000319,17,JazzTevagaSea Eagles,Jazz,Tevaga,Sea Eagles,24,3,0.125,https://www.nrl.com/stats/players/?competition=111&season=2025&stat=1000319
2025,Set Restarts,1000319,18,AngusCrichtonRoosters,Angus,Crichton,Roosters,21,3,0.142857143,https://www.nrl.com/stats/players/?competition=111&season=2025&stat=1000319
2025,Set Restarts,1000319,19,ReeceRobsonCowboys,Reece,Robson,Cowboys,21,3,0.142857143,https://www.nrl.com/stats/players/?competition=111&season=2025&stat=1000319
2025,Set Restarts,1000319,20,KalynPongaKnights,Kalyn,Ponga,Knights,13,3,0.230769231,https://www.nrl.com/stats/players/?competition=111&season=2025&stat=1000319
2025,Set Restarts,1000319,21,GriffinNeameCowboys,Griffin,Neame,Cowboys,20,3,0.15,https://www.nrl.com/stats/players/?competition=111&season=2025&stat=1000319
2025,Set Restarts,1000319,22,ScottDrinkwaterCowboys,Scott,Drinkwater,Cowboys,24,3,0.125,https://www.nrl.com/stats/players/?competition=111&season=2025&stat=1000319
2025,Set Restarts,1000319,23,DamienCookDragons,Damien,Cook,Dragons,24,3,0.125,https://www.nrl.com/stats/players/?competition=111&season=2025&stat=1000319
2025,Set Restarts,1000319,24,JoshCurranBulldogs,Josh,Curran,Bulldogs,21,3,0.142857143,https://www.nrl.com/stats/players/?competition=111&season=2025&stat=1000319
2025,Set Restarts,1000319,25,J'maineHopgoodEels,J'maine,Hopgood,Eels,24,3,0.125,https://www.nrl.com/stats/players/?competition=111&season=2025&stat=1000319
2025,Set Restarts,1000319,26,TerrellMayWests Tigers,Terrell,Wests,Tigers,24,3,0.125,https://www.nrl.com/stats/players/?competition=111&season=2025&stat=1000319
2025,Set Restarts,1000319,27,ReeceWalshBroncos,Reece,Walsh,Broncos,21,3,0.142857143,https://www.nrl.com/stats/players/?competition=111&season=2025&stat=1000319
2025,Set Restarts,1000319,28,MitchellMosesEels,Mitchell,Moses,Eels,13,3,0.230769231,https://www.nrl.com/stats/players/?competition=111&season=2025&stat=1000319
2025,Set Restarts,1000319,29,IzackTagoPanthers,Izack,Tago,Panthers,25,3,0.12,https://www.nrl.com/stats/players/?competition=111&season=2025&stat=1000319
2025,Set Restarts,1000319,30,DylanBrownEels,Dylan,Brown,Eels,19,3,0.157894737,https://www.nrl.com/stats/players/?competition=111&season=2025&stat=1000319
2025,Set Restarts,1000319,31,AdamDoueihiWests Tigers,Adam,Wests,Tigers,21,3,0.142857143,https://www.nrl.com/stats/players/?competition=111&season=2025&stat=1000319
2025,Set Restarts,1000319,32,KitioneKautogaEels,Kitione,Kautoga,Eels,15,3,0.2,https://www.nrl.com/stats/players/?competition=111&season=2025&stat=1000319
2025,Set Restarts,1000319,33,JakeSimpkinSea Eagles,Jake,Simpkin,Sea Eagles,22,2,0.090909091,https://www.nrl.com/stats/players/?competition=111&season=2025&stat=1000319
2025,Set Restarts,1000319,34,SandonSmithRoosters,Sandon,Smith,Roosters,17,2,0.117647059,https://www.nrl.com/stats/players/?competition=111&season=2025&stat=1000319
2025,Set Restarts,1000319,35,SamWalkerRoosters,Sam,Walker,Roosters,9,2,0.222222222,https://www.nrl.com/stats/players/?competition=111&season=2025&stat=1000319
2025,Set Restarts,1000319,36,VictorRadleyRoosters,Victor,Radley,Roosters,20,2,0.1,https://www.nrl.com/stats/players/?competition=111&season=2025&stat=1000319
2025,Set Restarts,1000319,37,JacksonHastingsKnights,Jackson,Hastings,Knights,5,2,0.4,https://www.nrl.com/stats/players/?competition=111&season=2025&stat=1000319
2025,Set Restarts,1000319,38,DylanLucasKnights,Dylan,Lucas,Knights,13,2,0.153846154,https://www.nrl.com/stats/players/?competition=111&season=2025&stat=1000319
2025,Set Restarts,1000319,39,KaiPearce-PaulKnights,Kai,Paul,Knights,22,2,0.090909091,https://www.nrl.com/stats/players/?competition=111&season=2025&stat=1000319
2025,Set Restarts,1000319,40,KeaonKoloamatangiRabbitohs,Keaon,Koloamatangi,Rabbitohs,20,2,0.1,https://www.nrl.com/stats/players/?competition=111&season=2025&stat=1000319
2025,Set Restarts,1000319,41,SamVerrillsTitans,Sam,Verrills,Titans,21,2,0.095238095,https://www.nrl.com/stats/players/?competition=111&season=2025&stat=1000319
2025,Set Restarts,1000319,42,CampbellGrahamRabbitohs,Campbell,Graham,Rabbitohs,11,2,0.181818182,https://www.nrl.com/stats/players/?competition=111&season=2025&stat=1000319
2025,Set Restarts,1000319,43,ReaganCampbell-GillardTitans,Reagan,Gillard,Titans,24,2,0.083333333,https://www.nrl.com/stats/players/?competition=111&season=2025&stat=1000319
2025,Set Restarts,1000319,44,TallisDuncanRabbitohs,Tallis,Duncan,Rabbitohs,24,2,0.083333333,https://www.nrl.com/stats/players/?competition=111&season=2025&stat=1000319
2025,Set Restarts,1000319,45,ReedMahoneyBulldogs,Reed,Mahoney,Bulldogs,25,2,0.08,https://www.nrl.com/stats/players/?competition=111&season=2025&stat=1000319
2025,Set Restarts,1000319,46,BillyWaltersBroncos,Billy,Walters,Broncos,25,2,0.08,https://www.nrl.com/stats/players/?competition=111&season=2025&stat=1000319
2025,Set Restarts,1000319,47,JeremiahNanaiCowboys,Jeremiah,Nanai,Cowboys,21,2,0.095238095,https://www.nrl.com/stats/players/?competition=111&season=2025&stat=1000319
2025,Set Restarts,1000319,48,BaileyHaywardBulldogs,Bailey,Hayward,Bulldogs,26,2,0.076923077,https://www.nrl.com/stats/players/?competition=111&season=2025&stat=1000319
2025,Set Restarts,1000319,49,TomStarlingRaiders,Tom,Starling,Raiders,24,2,0.083333333,https://www.nrl.com/stats/players/?competition=111&season=2025&stat=1000319
2025,Set Restarts,1000319,50,CoryPaixBroncos,Cory,Paix,Broncos,23,2,0.086956522,https://www.nrl.com/stats/players/?competition=111&season=2025&stat=29
2025,Tackle Breaks,29,1,JamesTedescoRoosters,James,Tedesco,Roosters,25,164,6.56,https://www.nrl.com/stats/players/?competition=111&season=2025&stat=29
2025,Tackle Breaks,29,2,DaneGagaiKnights,Dane,Gagai,Knights,24,144,6,https://www.nrl.com/stats/players/?competition=111&season=2025&stat=29
2025,Tackle Breaks,29,3,PayneHaasBroncos,Payne,Haas,Broncos,24,130,5.416666667,https://www.nrl.com/stats/players/?competition=111&season=2025&stat=29
2025,Tackle Breaks,29,4,MarkNawaqanitawaseRoosters,Mark,Nawaqanitawase,Roosters,23,119,5.173913043,https://www.nrl.com/stats/players/?competition=111&season=2025&stat=29
2025,Tackle Breaks,29,5,KaeoWeekesRaiders,Kaeo,Weekes,Raiders,25,118,4.72,https://www.nrl.com/stats/players/?competition=111&season=2025&stat=29
2025,Tackle Breaks,29,6,HerbieFarnworthDolphins,Herbie,Farnworth,Dolphins,19,117,6.157894737,https://www.nrl.com/stats/players/?competition=111&season=2025&stat=29
2025,Tackle Breaks,29,7,GehamatShibasakiBroncos,Gehamat,Shibasaki,Broncos,25,113,4.52,https://www.nrl.com/stats/players/?competition=111&season=2025&stat=29
2025,Tackle Breaks,29,8,KotoniStaggsBroncos,Kotoni,Staggs,Broncos,24,113,4.708333333,https://www.nrl.com/stats/players/?competition=111&season=2025&stat=29
2025,Tackle Breaks,29,9,ReeceWalshBroncos,Reece,Walsh,Broncos,21,113,5.380952381,https://www.nrl.com/stats/players/?competition=111&season=2025&stat=29
2025,Tackle Breaks,29,10,GregMarzhewKnights,Greg,Marzhew,Knights,18,105,5.833333333,https://www.nrl.com/stats/players/?competition=111&season=2025&stat=29
2025,Tackle Breaks,29,11,StefanoUtoikamanuStorm,Stefano,Utoikamanu,Storm,25,102,4.08,https://www.nrl.com/stats/players/?competition=111&season=2025&stat=29
2025,Tackle Breaks,29,12,HamisoTabuai-FidowDolphins,Hamiso,Fidow,Dolphins,21,100,4.761904762,https://www.nrl.com/stats/players/?competition=111&season=2025&stat=29
2025,Tackle Breaks,29,13,RonaldoMulitaloSharks,Ronaldo,Mulitalo,Sharks,26,99,3.807692308,https://www.nrl.com/stats/players/?competition=111&season=2025&stat=29
2025,Tackle Breaks,29,14,DylanEdwardsPanthers,Dylan,Edwards,Panthers,20,98,4.9,https://www.nrl.com/stats/players/?competition=111&season=2025&stat=29
2025,Tackle Breaks,29,15,MatthewTimokoRaiders,Matthew,Timoko,Raiders,25,97,3.88,https://www.nrl.com/stats/players/?competition=111&season=2025&stat=29
2025,Tackle Breaks,29,16,SioneKatoaSharks,Sione,Katoa,Sharks,15,97,6.466666667,https://www.nrl.com/stats/players/?competition=111&season=2025&stat=29
2025,Tackle Breaks,29,17,JacobKirazBulldogs,Jacob,Kiraz,Bulldogs,19,96,5.052631579,https://www.nrl.com/stats/players/?competition=111&season=2025&stat=29
2025,Tackle Breaks,29,18,BrianTo'oPanthers,Brian,To'o,Panthers,16,92,5.75,https://www.nrl.com/stats/players/?competition=111&season=2025&stat=29
2025,Tackle Breaks,29,19,JoshAddo-CarrEels,Josh,Carr,Eels,22,92,4.181818182,https://www.nrl.com/stats/players/?competition=111&season=2025&stat=29
2025,Tackle Breaks,29,20,SavelioTamaleRaiders,Savelio,Tamale,Raiders,18,90,5,https://www.nrl.com/stats/players/?competition=111&season=2025&stat=29
2025,Tackle Breaks,29,21,EthanStrangeRaiders,Ethan,Strange,Raiders,24,88,3.666666667,https://www.nrl.com/stats/players/?competition=111&season=2025&stat=29
2025,Tackle Breaks,29,22,AJBrimsonTitans,AJBrimson,AJBrimson,Titans,23,88,3.826086957,https://www.nrl.com/stats/players/?competition=111&season=2025&stat=29
2025,Tackle Breaks,29,23,ScottDrinkwaterCowboys,Scott,Drinkwater,Cowboys,24,87,3.625,https://www.nrl.com/stats/players/?competition=111&season=2025&stat=29
2025,Tackle Breaks,29,24,DeineMarinerBroncos,Deine,Mariner,Broncos,19,86,4.526315789,https://www.nrl.com/stats/players/?competition=111&season=2025&stat=29
2025,Tackle Breaks,29,25,JamesSchillerKnights,James,Schiller,Knights,17,86,5.058823529,https://www.nrl.com/stats/players/?competition=111&season=2025&stat=29
2025,Tackle Breaks,29,26,SuniaTuruvaWests Tigers,Sunia,Wests,Tigers,24,86,3.583333333,https://www.nrl.com/stats/players/?competition=111&season=2025&stat=29
2025,Tackle Breaks,29,27,ConnorTraceyBulldogs,Connor,Tracey,Bulldogs,24,85,3.541666667,https://www.nrl.com/stats/players/?competition=111&season=2025&stat=29
2025,Tackle Breaks,29,28,HudsonYoungRaiders,Hudson,Young,Raiders,22,84,3.818181818,https://www.nrl.com/stats/players/?competition=111&season=2025&stat=29
2025,Tackle Breaks,29,29,IsaiahIongiEels,Isaiah,Iongi,Eels,21,84,4,https://www.nrl.com/stats/players/?competition=111&season=2025&stat=29
2025,Tackle Breaks,29,30,BraidonBurnsCowboys,Braidon,Burns,Cowboys,13,83,6.384615385,https://www.nrl.com/stats/players/?competition=111&season=2025&stat=29
2025,Tackle Breaks,29,31,JaydenCampbellTitans,Jayden,Campbell,Titans,20,82,4.1,https://www.nrl.com/stats/players/?competition=111&season=2025&stat=29
2025,Tackle Breaks,29,32,CharnzeNicoll-KlokstadWarriors,Charnze,Klokstad,Warriors,22,80,3.636363636,https://www.nrl.com/stats/players/?competition=111&season=2025&stat=29
2025,Tackle Breaks,29,33,TolutauKoulaSea Eagles,Tolutau,Koula,Sea Eagles,22,79,3.590909091,https://www.nrl.com/stats/players/?competition=111&season=2025&stat=29
2025,Tackle Breaks,29,34,MosesSuliDragons,Moses,Suli,Dragons,20,78,3.9,https://www.nrl.com/stats/players/?competition=111&season=2025&stat=29
2025,Tackle Breaks,29,35,CameronMunsterStorm,Cameron,Munster,Storm,24,77,3.208333333,https://www.nrl.com/stats/players/?competition=111&season=2025&stat=29
2025,Tackle Breaks,29,36,PaulAlamotiPanthers,Paul,Alamoti,Panthers,19,75,3.947368421,https://www.nrl.com/stats/players/?competition=111&season=2025&stat=29
2025,Tackle Breaks,29,37,AddinFonua-BlakeSharks,Addin,Blake,Sharks,27,74,2.740740741,https://www.nrl.com/stats/players/?competition=111&season=2025&stat=29
2025,Tackle Breaks,29,38,ZacLomaxEels,Zac,Lomax,Eels,19,74,3.894736842,https://www.nrl.com/stats/players/?competition=111&season=2025&stat=29
2025,Tackle Breaks,29,39,RogerTuivasa-SheckWarriors,Roger,Sheck,Warriors,19,73,3.842105263,https://www.nrl.com/stats/players/?competition=111&season=2025&stat=29
2025,Tackle Breaks,29,40,RyanPapenhuyzenStorm,Ryan,Papenhuyzen,Storm,21,72,3.428571429,https://www.nrl.com/stats/players/?competition=111&season=2025&stat=29
2025,Tackle Breaks,29,41,BradmanBestKnights,Bradman,Best,Knights,18,72,4,https://www.nrl.com/stats/players/?competition=111&season=2025&stat=29
2025,Tackle Breaks,29,42,JesseRamienSharks,Jesse,Ramien,Sharks,24,71,2.958333333,https://www.nrl.com/stats/players/?competition=111&season=2025&stat=29
2025,Tackle Breaks,29,43,AngusCrichtonRoosters,Angus,Crichton,Roosters,21,69,3.285714286,https://www.nrl.com/stats/players/?competition=111&season=2025&stat=29
2025,Tackle Breaks,29,44,NaufahuWhyteRoosters,Naufahu,Whyte,Roosters,23,69,3,https://www.nrl.com/stats/players/?competition=111&season=2025&stat=29
2025,Tackle Breaks,29,45,EliesaKatoaStorm,Eliesa,Katoa,Storm,26,69,2.653846154,https://www.nrl.com/stats/players/?competition=111&season=2025&stat=29
2025,Tackle Breaks,29,46,HaumoleOlakau'atuSea Eagles,Haumole,Olakau'atu,Sea Eagles,15,69,4.6,https://www.nrl.com/stats/players/?competition=111&season=2025&stat=29
2025,Tackle Breaks,29,47,TerrellMayWests Tigers,Terrell,Wests,Tigers,24,69,2.875,https://www.nrl.com/stats/players/?competition=111&season=2025&stat=29
2025,Tackle Breaks,29,48,SelwynCobboBroncos,Selwyn,Cobbo,Broncos,15,68,4.533333333,https://www.nrl.com/stats/players/?competition=111&season=2025&stat=29
2025,Tackle Breaks,29,49,LehiHopoateSea Eagles,Lehi,Hopoate,Sea Eagles,22,67,3.045454545,https://www.nrl.com/stats/players/?competition=111&season=2025&stat=29
2025,Tackle Breaks,29,50,ErinClarkWarriors,Erin,Clark,Warriors,25,66,2.64,https://www.nrl.com/stats/players/?competition=111&season=2025&stat=3
2025,Tackles,3,1,BlaykeBraileySharks,Blayke,Brailey,Sharks,27,"1,220",45.18518519,https://www.nrl.com/stats/players/?competition=111&season=2025&stat=3
2025,Tackles,3,2,TerrellMayWests Tigers,Terrell,Wests,Tigers,24,"1,023",42.625,https://www.nrl.com/stats/players/?competition=111&season=2025&stat=3
2025,Tackles,3,3,DamienCookDragons,Damien,Cook,Dragons,24,"1,018",42.41666667,https://www.nrl.com/stats/players/?competition=111&season=2025&stat=3
2025,Tackles,3,4,MitchKennyPanthers,Mitch,Kenny,Panthers,22,987,44.86363636,https://www.nrl.com/stats/players/?competition=111&season=2025&stat=3
2025,Tackles,3,5,ReedMahoneyBulldogs,Reed,Mahoney,Bulldogs,25,949,37.96,https://www.nrl.com/stats/players/?competition=111&season=2025&stat=3
2025,Tackles,3,6,LindsaySmithPanthers,Lindsay,Smith,Panthers,26,943,36.26923077,https://www.nrl.com/stats/players/?competition=111&season=2025&stat=3
2025,Tackles,3,7,TomStarlingRaiders,Tom,Starling,Raiders,24,929,38.70833333,https://www.nrl.com/stats/players/?competition=111&season=2025&stat=3
2025,Tackles,3,8,PatrickCarriganBroncos,Patrick,Carrigan,Broncos,25,922,36.88,https://www.nrl.com/stats/players/?competition=111&season=2025&stat=3
2025,Tackles,3,9,SamVerrillsTitans,Sam,Verrills,Titans,21,921,43.85714286,https://www.nrl.com/stats/players/?competition=111&season=2025&stat=3
2025,Tackles,3,10,TrentLoieroStorm,Trent,Loiero,Storm,25,893,35.72,https://www.nrl.com/stats/players/?competition=111&season=2025&stat=3
2025,Tackles,3,11,J'maineHopgoodEels,J'maine,Hopgood,Eels,24,893,37.20833333,https://www.nrl.com/stats/players/?competition=111&season=2025&stat=3
2025,Tackles,3,12,JordanRikiBroncos,Jordan,Riki,Broncos,24,882,36.75,https://www.nrl.com/stats/players/?competition=111&season=2025&stat=3
2025,Tackles,3,13,ReeceRobsonCowboys,Reece,Robson,Cowboys,21,879,41.85714286,https://www.nrl.com/stats/players/?competition=111&season=2025&stat=3
2025,Tackles,3,14,PhoenixCrosslandKnights,Phoenix,Crossland,Knights,23,879,38.2173913,https://www.nrl.com/stats/players/?competition=111&season=2025&stat=3
2025,Tackles,3,15,CameronMcInnesSharks,Cameron,Innes,Sharks,22,874,39.72727273,https://www.nrl.com/stats/players/?competition=111&season=2025&stat=3
2025,Tackles,3,16,IsaahYeoPanthers,Isaah,Yeo,Panthers,21,868,41.33333333,https://www.nrl.com/stats/players/?competition=111&season=2025&stat=3
2025,Tackles,3,17,KaiPearce-PaulKnights,Kai,Paul,Knights,22,861,39.13636364,https://www.nrl.com/stats/players/?competition=111&season=2025&stat=3
2025,Tackles,3,18,ErinClarkWarriors,Erin,Clark,Warriors,25,857,34.28,https://www.nrl.com/stats/players/?competition=111&season=2025&stat=3
2025,Tackles,3,19,ApisaiKoroisauWests Tigers,Apisai,Wests,Tigers,22,855,38.86363636,https://www.nrl.com/stats/players/?competition=111&season=2025&stat=3
2025,Tackles,3,20,CoreyHorsburghRaiders,Corey,Horsburgh,Raiders,25,855,34.2,https://www.nrl.com/stats/players/?competition=111&season=2025&stat=3
2025,Tackles,3,21,WaydeEganWarriors,Wayde,Egan,Warriors,21,854,40.66666667,https://www.nrl.com/stats/players/?competition=111&season=2025&stat=3
2025,Tackles,3,22,JaiArrowRabbitohs,Jai,Arrow,Rabbitohs,24,850,35.41666667,https://www.nrl.com/stats/players/?competition=111&season=2025&stat=3
2025,Tackles,3,23,EliesaKatoaStorm,Eliesa,Katoa,Storm,26,831,31.96153846,https://www.nrl.com/stats/players/?competition=111&season=2025&stat=3
2025,Tackles,3,24,PayneHaasBroncos,Payne,Haas,Broncos,24,828,34.5,https://www.nrl.com/stats/players/?competition=111&season=2025&stat=3
2025,Tackles,3,25,RyleySmithEels,Ryley,Smith,Eels,22,824,37.45454545,https://www.nrl.com/stats/players/?competition=111&season=2025&stat=3
2025,Tackles,3,26,JacobPrestonBulldogs,Jacob,Preston,Bulldogs,22,814,37,https://www.nrl.com/stats/players/?competition=111&season=2025&stat=3
2025,Tackles,3,27,JaydenBraileyKnights,Jayden,Brailey,Knights,24,808,33.66666667,https://www.nrl.com/stats/players/?competition=111&season=2025&stat=3
2025,Tackles,3,28,JeremyMarshall-KingDolphins,Jeremy,King,Dolphins,19,802,42.21052632,https://www.nrl.com/stats/players/?competition=111&season=2025&stat=3
2025,Tackles,3,29,ZacHoskingRaiders,Zac,Hosking,Raiders,21,794,37.80952381,https://www.nrl.com/stats/players/?competition=111&season=2025&stat=3
2025,Tackles,3,30,JacksonFordWarriors,Jackson,Ford,Warriors,21,792,37.71428571,https://www.nrl.com/stats/players/?competition=111&season=2025&stat=3
2025,Tackles,3,31,KurtDonoghoeDolphins,Kurt,Donoghoe,Dolphins,22,792,36,https://www.nrl.com/stats/players/?competition=111&season=2025&stat=3
2025,Tackles,3,32,JakeSimpkinSea Eagles,Jake,Simpkin,Sea Eagles,22,784,35.63636364,https://www.nrl.com/stats/players/?competition=111&season=2025&stat=3
2025,Tackles,3,33,JackDe BelinDragons,Jack,Belin,Dragons,23,771,33.52173913,https://www.nrl.com/stats/players/?competition=111&season=2025&stat=3
2025,Tackles,3,34,HarryGrantStorm,Harry,Grant,Storm,19,770,40.52631579,https://www.nrl.com/stats/players/?competition=111&season=2025&stat=3
2025,Tackles,3,35,AddinFonua-BlakeSharks,Addin,Blake,Sharks,27,767,28.40740741,https://www.nrl.com/stats/players/?competition=111&season=2025&stat=3
2025,Tackles,3,36,ConnorWatsonRoosters,Connor,Watson,Roosters,21,765,36.42857143,https://www.nrl.com/stats/players/?competition=111&season=2025&stat=3
2025,Tackles,3,37,JazzTevagaSea Eagles,Jazz,Tevaga,Sea Eagles,24,763,31.79166667,https://www.nrl.com/stats/players/?competition=111&season=2025&stat=3
2025,Tackles,3,38,HarryHayesBulldogs,Harry,Hayes,Bulldogs,23,762,33.13043478,https://www.nrl.com/stats/players/?competition=111&season=2025&stat=3
2025,Tackles,3,39,JoshKingStorm,Josh,King,Storm,26,762,29.30769231,https://www.nrl.com/stats/players/?competition=111&season=2025&stat=3
2025,Tackles,3,40,ChrisRandallTitans,Chris,Randall,Titans,23,758,32.95652174,https://www.nrl.com/stats/players/?competition=111&season=2025&stat=3
2025,Tackles,3,41,MatCrokerKnights,Mat,Croker,Knights,24,755,31.45833333,https://www.nrl.com/stats/players/?competition=111&season=2025&stat=3
2025,Tackles,3,42,MaxKingBulldogs,Max,King,Bulldogs,23,754,32.7826087,https://www.nrl.com/stats/players/?competition=111&season=2025&stat=3
2025,Tackles,3,43,BaileyHaywardBulldogs,Bailey,Hayward,Bulldogs,26,752,28.92307692,https://www.nrl.com/stats/players/?competition=111&season=2025&stat=3
2025,Tackles,3,44,BeauFermorTitans,Beau,Fermor,Titans,24,743,30.95833333,https://www.nrl.com/stats/players/?competition=111&season=2025&stat=3
2025,Tackles,3,45,JosephTapineRaiders,Joseph,Tapine,Raiders,23,743,32.30434783,https://www.nrl.com/stats/players/?competition=111&season=2025&stat=3
2025,Tackles,3,46,KobeHetheringtonBroncos,Kobe,Hetherington,Broncos,27,742,27.48148148,https://www.nrl.com/stats/players/?competition=111&season=2025&stat=3
2025,Tackles,3,47,JoshCurranBulldogs,Josh,Curran,Bulldogs,21,739,35.19047619,https://www.nrl.com/stats/players/?competition=111&season=2025&stat=3
2025,Tackles,3,48,MorganSmithiesRaiders,Morgan,Smithies,Raiders,25,729,29.16,https://www.nrl.com/stats/players/?competition=111&season=2025&stat=3
2025,Tackles,3,49,MosesLeotaPanthers,Moses,Leota,Panthers,26,727,27.96153846,https://www.nrl.com/stats/players/?competition=111&season=2025&stat=3
2025,Tackles,3,50,JohnBatemanCowboys,John,Bateman,Cowboys,19,720,37.89473684,https://www.nrl.com/stats/players/?competition=111&season=2025&stat=38
2025,Tries,38,1,MarkNawaqanitawaseRoosters,Mark,Nawaqanitawase,Roosters,23,24,1.043478261,https://www.nrl.com/stats/players/?competition=111&season=2025&stat=38
2025,Tries,38,2,HamisoTabuai-FidowDolphins,Hamiso,Fidow,Dolphins,21,22,1.047619048,https://www.nrl.com/stats/players/?competition=111&season=2025&stat=38
2025,Tries,38,3,XavierCoatesStorm,Xavier,Coates,Storm,22,20,0.909090909,https://www.nrl.com/stats/players/?competition=111&season=2025&stat=38
2025,Tries,38,4,DanielTupouRoosters,Daniel,Tupou,Roosters,24,19,0.791666667,https://www.nrl.com/stats/players/?competition=111&season=2025&stat=38
2025,Tries,38,5,JoshAddo-CarrEels,Josh,Carr,Eels,22,19,0.863636364,https://www.nrl.com/stats/players/?competition=111&season=2025&stat=38
2025,Tries,38,6,GehamatShibasakiBroncos,Gehamat,Shibasaki,Broncos,25,18,0.72,https://www.nrl.com/stats/players/?competition=111&season=2025&stat=38
2025,Tries,38,7,TolutauKoulaSea Eagles,Tolutau,Koula,Sea Eagles,22,17,0.772727273,https://www.nrl.com/stats/players/?competition=111&season=2025&stat=38
2025,Tries,38,8,TyrellSloanDragons,Tyrell,Sloan,Dragons,20,17,0.85,https://www.nrl.com/stats/players/?competition=111&season=2025&stat=38
2025,Tries,38,9,PaulAlamotiPanthers,Paul,Alamoti,Panthers,19,17,0.894736842,https://www.nrl.com/stats/players/?competition=111&season=2025&stat=38
2025,Tries,38,10,RonaldoMulitaloSharks,Ronaldo,Mulitalo,Sharks,26,17,0.653846154,https://www.nrl.com/stats/players/?competition=111&season=2025&stat=38
2025,Tries,38,11,CaseyMcLeanPanthers,Casey,Lean,Panthers,23,16,0.695652174,https://www.nrl.com/stats/players/?competition=111&season=2025&stat=38
2025,Tries,38,12,PhillipSamiTitans,Phillip,Sami,Titans,21,15,0.714285714,https://www.nrl.com/stats/players/?competition=111&season=2025&stat=38
2025,Tries,38,13,RyanPapenhuyzenStorm,Ryan,Papenhuyzen,Storm,21,15,0.714285714,https://www.nrl.com/stats/players/?competition=111&season=2025&stat=38
2025,Tries,38,14,AlexJohnstonRabbitohs,Alex,Johnston,Rabbitohs,16,15,0.9375,https://www.nrl.com/stats/players/?competition=111&season=2025&stat=38
2025,Tries,38,15,EthanStrangeRaiders,Ethan,Strange,Raiders,24,14,0.583333333,https://www.nrl.com/stats/players/?competition=111&season=2025&stat=38
2025,Tries,38,16,ReeceWalshBroncos,Reece,Walsh,Broncos,21,14,0.666666667,https://www.nrl.com/stats/players/?competition=111&season=2025&stat=38
2025,Tries,38,17,EliesaKatoaStorm,Eliesa,Katoa,Storm,26,14,0.538461538,https://www.nrl.com/stats/players/?competition=111&season=2025&stat=38
2025,Tries,38,18,JaxonPurdueCowboys,Jaxon,Purdue,Cowboys,24,14,0.583333333,https://www.nrl.com/stats/players/?competition=111&season=2025&stat=38
2025,Tries,38,19,ThomasJenkinsPanthers,Thomas,Jenkins,Panthers,21,13,0.619047619,https://www.nrl.com/stats/players/?competition=111&season=2025&stat=38
2025,Tries,38,20,LekaHalasimaWarriors,Leka,Halasima,Warriors,25,13,0.52,https://www.nrl.com/stats/players/?competition=111&season=2025&stat=38
2025,Tries,38,21,ReubenGarrickSea Eagles,Reuben,Garrick,Sea Eagles,21,12,0.571428571,https://www.nrl.com/stats/players/?competition=111&season=2025&stat=38
2025,Tries,38,22,AJBrimsonTitans,AJBrimson,AJBrimson,Titans,23,12,0.52173913,https://www.nrl.com/stats/players/?competition=111&season=2025&stat=38
2025,Tries,38,23,DeineMarinerBroncos,Deine,Mariner,Broncos,19,12,0.631578947,https://www.nrl.com/stats/players/?competition=111&season=2025&stat=38
2025,Tries,38,24,HerbieFarnworthDolphins,Herbie,Farnworth,Dolphins,19,12,0.631578947,https://www.nrl.com/stats/players/?competition=111&season=2025&stat=38
2025,Tries,38,25,KotoniStaggsBroncos,Kotoni,Staggs,Broncos,24,12,0.5,https://www.nrl.com/stats/players/?competition=111&season=2025&stat=38
2025,Tries,38,26,JacobPrestonBulldogs,Jacob,Preston,Bulldogs,22,12,0.545454545,https://www.nrl.com/stats/players/?competition=111&season=2025&stat=38
2025,Tries,38,27,KLIroSharks,KLIro,KLIro,Sharks,14,12,0.857142857,https://www.nrl.com/stats/players/?competition=111&season=2025&stat=38
2025,Tries,38,28,MurrayTaulagiCowboys,Murray,Taulagi,Cowboys,15,12,0.8,https://www.nrl.com/stats/players/?competition=111&season=2025&stat=38
2025,Tries,38,29,XavierSavageRaiders,Xavier,Savage,Raiders,21,12,0.571428571,https://www.nrl.com/stats/players/?competition=111&season=2025&stat=38
2025,Tries,38,30,RogerTuivasa-SheckWarriors,Roger,Sheck,Warriors,19,12,0.631578947,https://www.nrl.com/stats/players/?competition=111&season=2025&stat=38
2025,Tries,38,31,JosiahKarapaniBroncos,Josiah,Karapani,Broncos,13,11,0.846153846,https://www.nrl.com/stats/players/?competition=111&season=2025&stat=38
2025,Tries,38,32,JacobKirazBulldogs,Jacob,Kiraz,Bulldogs,19,11,0.578947368,https://www.nrl.com/stats/players/?competition=111&season=2025&stat=38
2025,Tries,38,33,ScottDrinkwaterCowboys,Scott,Drinkwater,Cowboys,24,11,0.458333333,https://www.nrl.com/stats/players/?competition=111&season=2025&stat=38
2025,Tries,38,34,JamesTedescoRoosters,James,Tedesco,Roosters,25,11,0.44,https://www.nrl.com/stats/players/?competition=111&season=2025&stat=38
2025,Tries,38,35,SuniaTuruvaWests Tigers,Sunia,Wests,Tigers,24,11,0.458333333,https://www.nrl.com/stats/players/?competition=111&season=2025&stat=38
2025,Tries,38,36,JesseArtharsBroncos,Jesse,Arthars,Broncos,18,11,0.611111111,https://www.nrl.com/stats/players/?competition=111&season=2025&stat=38
2025,Tries,38,37,KaeoWeekesRaiders,Kaeo,Weekes,Raiders,25,11,0.44,https://www.nrl.com/stats/players/?competition=111&season=2025&stat=38
2025,Tries,38,38,FletcherSharpeKnights,Fletcher,Sharpe,Knights,14,11,0.785714286,https://www.nrl.com/stats/players/?competition=111&season=2025&stat=38
2025,Tries,38,39,GrantAndersonStorm,Grant,Anderson,Storm,24,11,0.458333333,https://www.nrl.com/stats/players/?competition=111&season=2025&stat=38
2025,Tries,38,40,JamayneIsaakoDolphins,Jamayne,Isaako,Dolphins,24,11,0.458333333,https://www.nrl.com/stats/players/?competition=111&season=2025&stat=38
2025,Tries,38,41,JojoFifitaTitans,Jojo,Fifita,Titans,17,11,0.647058824,https://www.nrl.com/stats/players/?competition=111&season=2025&stat=38
2025,Tries,38,42,HudsonYoungRaiders,Hudson,Young,Raiders,22,11,0.5,https://www.nrl.com/stats/players/?competition=111&season=2025&stat=38
2025,Tries,38,43,AdamPompeyWarriors,Adam,Pompey,Warriors,25,11,0.44,https://www.nrl.com/stats/players/?competition=111&season=2025&stat=38
2025,Tries,38,44,JakeAverilloDolphins,Jake,Averillo,Dolphins,24,11,0.458333333,https://www.nrl.com/stats/players/?competition=111&season=2025&stat=38
2025,Tries,38,45,JasonSaabSea Eagles,Jason,Saab,Sea Eagles,20,10,0.5,https://www.nrl.com/stats/players/?competition=111&season=2025&stat=38
2025,Tries,38,46,BeauFermorTitans,Beau,Fermor,Titans,24,10,0.416666667,https://www.nrl.com/stats/players/?competition=111&season=2025&stat=38
2025,Tries,38,47,NickMeaneyStorm,Nick,Meaney,Storm,22,10,0.454545455,https://www.nrl.com/stats/players/?competition=111&season=2025&stat=38
2025,Tries,38,48,MatthewTimokoRaiders,Matthew,Timoko,Raiders,25,10,0.4,https://www.nrl.com/stats/players/?competition=111&season=2025&stat=38
2025,Tries,38,49,JeralSkeltonWests Tigers,Jeral,Wests,Tigers,15,10,0.666666667,https://www.nrl.com/stats/players/?competition=111&season=2025&stat=38
2025,Tries,38,50,TomDeardenCowboys,Tom,Dearden,Cowboys,22,9,0.409090909,https://www.nrl.com/stats/players/?competition=111&season=2025&stat=35
2025,Try Assists,35,1,ReeceWalshBroncos,Reece,Walsh,Broncos,21,26,1.238095238,https://www.nrl.com/stats/players/?competition=111&season=2025&stat=35
2025,Try Assists,35,2,ScottDrinkwaterCowboys,Scott,Drinkwater,Cowboys,24,24,1,https://www.nrl.com/stats/players/?competition=111&season=2025&stat=35
2025,Try Assists,35,3,IsaiyaKatoaDolphins,Isaiya,Katoa,Dolphins,24,23,0.958333333,https://www.nrl.com/stats/players/?competition=111&season=2025&stat=35
2025,Try Assists,35,4,JamalFogartyRaiders,Jamal,Fogarty,Raiders,24,23,0.958333333,https://www.nrl.com/stats/players/?competition=111&season=2025&stat=35
2025,Try Assists,35,5,CameronMunsterStorm,Cameron,Munster,Storm,24,23,0.958333333,https://www.nrl.com/stats/players/?competition=111&season=2025&stat=35
2025,Try Assists,35,6,JamesTedescoRoosters,James,Tedesco,Roosters,25,22,0.88,https://www.nrl.com/stats/players/?competition=111&season=2025&stat=35
2025,Try Assists,35,7,DalyCherry-EvansSea Eagles,Daly,Evans,Sea Eagles,23,21,0.913043478,https://www.nrl.com/stats/players/?competition=111&season=2025&stat=35
2025,Try Assists,35,8,NicholasHynesSharks,Nicholas,Hynes,Sharks,27,21,0.777777778,https://www.nrl.com/stats/players/?competition=111&season=2025&stat=35
2025,Try Assists,35,9,JahromeHughesStorm,Jahrome,Hughes,Storm,20,20,1,https://www.nrl.com/stats/players/?competition=111&season=2025&stat=35
2025,Try Assists,35,10,BraydonTrindallSharks,Braydon,Trindall,Sharks,26,19,0.730769231,https://www.nrl.com/stats/players/?competition=111&season=2025&stat=35
2025,Try Assists,35,11,KodiNikorimaDolphins,Kodi,Nikorima,Dolphins,20,19,0.95,https://www.nrl.com/stats/players/?competition=111&season=2025&stat=35
2025,Try Assists,35,12,ChanelHarris-TavitaWarriors,Chanel,Tavita,Warriors,24,18,0.75,https://www.nrl.com/stats/players/?competition=111&season=2025&stat=35
2025,Try Assists,35,13,AdamReynoldsBroncos,Adam,Reynolds,Broncos,22,17,0.772727273,https://www.nrl.com/stats/players/?competition=111&season=2025&stat=35
2025,Try Assists,35,14,NathanClearyPanthers,Nathan,Cleary,Panthers,22,17,0.772727273,https://www.nrl.com/stats/players/?competition=111&season=2025&stat=35
2025,Try Assists,35,15,SamWalkerRoosters,Sam,Walker,Roosters,9,16,1.777777778,https://www.nrl.com/stats/players/?competition=111&season=2025&stat=35
2025,Try Assists,35,16,ClintonGuthersonDragons,Clinton,Gutherson,Dragons,24,16,0.666666667,https://www.nrl.com/stats/players/?competition=111&season=2025&stat=35
2025,Try Assists,35,17,BlaykeBraileySharks,Blayke,Brailey,Sharks,27,14,0.518518519,https://www.nrl.com/stats/players/?competition=111&season=2025&stat=35
2025,Try Assists,35,18,TomDeardenCowboys,Tom,Dearden,Cowboys,22,14,0.636363636,https://www.nrl.com/stats/players/?competition=111&season=2025&stat=35
2025,Try Assists,35,19,WilliamKennedySharks,William,Kennedy,Sharks,27,13,0.481481481,https://www.nrl.com/stats/players/?competition=111&season=2025&stat=35
2025,Try Assists,35,20,AJBrimsonTitans,AJBrimson,AJBrimson,Titans,23,13,0.565217391,https://www.nrl.com/stats/players/?competition=111&season=2025&stat=35
2025,Try Assists,35,21,StephenCrichtonBulldogs,Stephen,Crichton,Bulldogs,21,12,0.571428571,https://www.nrl.com/stats/players/?competition=111&season=2025&stat=35
2025,Try Assists,35,22,LukeBrooksSea Eagles,Luke,Brooks,Sea Eagles,24,12,0.5,https://www.nrl.com/stats/players/?competition=111&season=2025&stat=35
2025,Try Assists,35,23,JaromeLuaiWests Tigers,Jarome,Wests,Tigers,21,12,0.571428571,https://www.nrl.com/stats/players/?competition=111&season=2025&stat=35
2025,Try Assists,35,24,LatrellMitchellRabbitohs,Latrell,Mitchell,Rabbitohs,11,12,1.090909091,https://www.nrl.com/stats/players/?competition=111&season=2025&stat=35
2025,Try Assists,35,25,IsaiahIongiEels,Isaiah,Iongi,Eels,21,12,0.571428571,https://www.nrl.com/stats/players/?competition=111&season=2025&stat=35
2025,Try Assists,35,26,TomTrbojevicSea Eagles,Tom,Trbojevic,Sea Eagles,18,12,0.666666667,https://www.nrl.com/stats/players/?competition=111&season=2025&stat=35
2025,Try Assists,35,27,ConnorTraceyBulldogs,Connor,Tracey,Bulldogs,24,12,0.5,https://www.nrl.com/stats/players/?competition=111&season=2025&stat=35
2025,Try Assists,35,28,SebastianKrisRaiders,Sebastian,Kris,Raiders,24,12,0.5,https://www.nrl.com/stats/players/?competition=111&season=2025&stat=35
2025,Try Assists,35,29,EthanStrangeRaiders,Ethan,Strange,Raiders,24,12,0.5,https://www.nrl.com/stats/players/?competition=111&season=2025&stat=35
2025,Try Assists,35,30,CaseyMcLeanPanthers,Casey,Lean,Panthers,23,11,0.47826087,https://www.nrl.com/stats/players/?competition=111&season=2025&stat=35
2025,Try Assists,35,31,EzraMamBroncos,Ezra,Mam,Broncos,12,11,0.916666667,https://www.nrl.com/stats/players/?competition=111&season=2025&stat=35
2025,Try Assists,35,32,BlaizeTalagiPanthers,Blaize,Talagi,Panthers,22,11,0.5,https://www.nrl.com/stats/players/?competition=111&season=2025&stat=35
2025,Try Assists,35,33,HugoSavalaRoosters,Hugo,Savala,Roosters,21,10,0.476190476,https://www.nrl.com/stats/players/?competition=111&season=2025&stat=35
2025,Try Assists,35,34,KieranForanTitans,Kieran,Foran,Titans,15,10,0.666666667,https://www.nrl.com/stats/players/?competition=111&season=2025&stat=35
2025,Try Assists,35,35,LehiHopoateSea Eagles,Lehi,Hopoate,Sea Eagles,22,10,0.454545455,https://www.nrl.com/stats/players/?competition=111&season=2025&stat=35
2025,Try Assists,35,36,HarryGrantStorm,Harry,Grant,Storm,19,10,0.526315789,https://www.nrl.com/stats/players/?competition=111&season=2025&stat=35
2025,Try Assists,35,37,BrianKellyTitans,Brian,Kelly,Titans,21,10,0.476190476,https://www.nrl.com/stats/players/?competition=111&season=2025&stat=35
2025,Try Assists,35,38,DylanEdwardsPanthers,Dylan,Edwards,Panthers,20,10,0.5,https://www.nrl.com/stats/players/?competition=111&season=2025&stat=35
2025,Try Assists,35,39,BenHuntBroncos,Ben,Hunt,Broncos,21,9,0.428571429,https://www.nrl.com/stats/players/?competition=111&season=2025&stat=35
2025,Try Assists,35,40,JaydenCampbellTitans,Jayden,Campbell,Titans,20,9,0.45,https://www.nrl.com/stats/players/?competition=111&season=2025&stat=35
2025,Try Assists,35,41,KalynPongaKnights,Kalyn,Ponga,Knights,13,9,0.692307692,https://www.nrl.com/stats/players/?competition=111&season=2025&stat=35
2025,Try Assists,35,42,LyhkanKing-TogiaDragons,Lyhkan,Togia,Dragons,17,9,0.529411765,https://www.nrl.com/stats/players/?competition=111&season=2025&stat=35
2025,Try Assists,35,43,JaxonPurdueCowboys,Jaxon,Purdue,Cowboys,24,9,0.375,https://www.nrl.com/stats/players/?competition=111&season=2025&stat=35
2025,Try Assists,35,44,ViliameKikauBulldogs,Viliame,Kikau,Bulldogs,22,9,0.409090909,https://www.nrl.com/stats/players/?competition=111&season=2025&stat=35
2025,Try Assists,35,45,IzackTagoPanthers,Izack,Tago,Panthers,25,9,0.36,https://www.nrl.com/stats/players/?competition=111&season=2025&stat=35
2025,Try Assists,35,46,ValentineHolmesDragons,Valentine,Holmes,Dragons,14,9,0.642857143,https://www.nrl.com/stats/players/?competition=111&season=2025&stat=35
2025,Try Assists,35,47,DeanHawkinsEels,Dean,Hawkins,Eels,12,9,0.75,https://www.nrl.com/stats/players/?competition=111&season=2025&stat=35
2025,Try Assists,35,48,LukeMetcalfWarriors,Luke,Metcalf,Warriors,15,9,0.6,https://www.nrl.com/stats/players/?competition=111&season=2025&stat=35
2025,Try Assists,35,49,JakeAverilloDolphins,Jake,Averillo,Dolphins,24,9,0.375,https://www.nrl.com/stats/players/?competition=111&season=2025&stat=35
2025,Try Assists,35,50,HerbieFarnworthDolphins,Herbie,Farnworth,Dolphins,19,9,0.473684211,
